,tfidf
grissom,0.42031564396855997
greg,0.3568628828159376
tickets,0.33674459109460797
friday,0.25317353822065586
18324508,0.22557961652352113
1075840100728,0.22557961652352113
more,0.2160247138269708
sale,0.1992158846257862
game,0.15438594778845455
for,0.14354816488983116
32,0.14200856364956907
buy,0.13614546947736686
night,0.12802221589071966
available,0.12802221589071966
two,0.12133224512546899
to,0.114104475804565
them,0.11358839443808275
apr,0.10239704749560229
sera,0.09569877659322078
wed,0.09089984735199962
sherri,0.09054536292032063
like,0.08772844242542241
there,0.08722466254034784
srs,0.08121884840605892
03,0.07794501570141701
let,0.07640804597156771
from,0.07606965053637667
content,0.07606965053637667
com,0.07606965053637667
enron,0.07606965053637667
are,0.06739722513711167
know,0.06651607008536076
thanks,0.06509137823937358
jeffrey_skilling_dec2000,0.06398884233944427
pdt,0.06344933222603218
0700,0.06344933222603218
2000,0.06239274135919312
me,0.06161912502322403
if,0.05987295755600871
ascii,0.042549025408621724
us,0.040885209132383755
7bit,0.03957604193116959
bcc,0.038034825268188334
subject,0.038034825268188334
origin,0.038034825268188334
date,0.038034825268188334
cc,0.038034825268188334
message,0.038034825268188334
nsf,0.038034825268188334
type,0.038034825268188334
evans,0.038034825268188334
charset,0.038034825268188334
version,0.038034825268188334
thyme,0.038034825268188334
sent,0.038034825268188334
javamail,0.038034825268188334
notes,0.038034825268188334
mime,0.038034825268188334
encoding,0.038034825268188334
text,0.038034825268188334
id,0.038034825268188334
00,0.038034825268188334
transfer,0.038034825268188334
skilling,0.038034825268188334
jskillin,0.038034825268188334
folders,0.038034825268188334
folder,0.038034825268188334
filename,0.038034825268188334
plain,0.038034825268188334
msergee,0.0
mix,0.0
mk,0.0
mjohn,0.0
mwarner,0.0
mwenz,0.0
mjachim,0.0
miyung,0.0
mitchell,0.0
mkolman,0.0
mwh,0.0
mitcham,0.0
mitch,0.0
mistransmission,0.0
mistook,0.0
mission,0.0
missing,0.0
my,0.0
myer,0.0
missed,0.0
miss,0.0
miranda,0.0
mkhourie,0.0
mw,0.0
ml,0.0
minutes,0.0
must,0.0
mo,0.0
mnataraj,0.0
mmmmisha,0.0
mutual,0.0
mutually,0.0
mmixon,0.0
mmcgowa,0.0
mvasque,0.0
mmbtu,0.0
mmata,0.0
mmarvin,0.0
mmarolo,0.0
mmakows,0.0
mm,0.0
mlian,0.0
mlenhart,0.0
mleblan,0.0
mlay,0.0
mlangermann,0.0
mvegala,0.0
mlafuze,0.0
mvicens,0.0
mypaco99,0.0
minut,0.0
minute,0.0
mile,0.0
miker,0.0
mike_shannon,0.0
mike_golden,0.0
mike_buttrey,0.0
mike,0.0
miguel,0.0
migration,0.0
might,0.0
midwest,0.0
nail,0.0
middle,0.0
mid,0.0
micro,0.0
michelle,0.0
michel,0.0
micheal,0.0
michaelm,0.0
michael,0.0
mholthouse,0.0
mhincks,0.0
mhender,0.0
mheller,0.0
mhbt,0.0
milam,0.0
nade,0.0
mobl,0.0
miles,0.0
myself,0.0
mintz,0.0
mins,0.0
minority,0.0
minor,0.0
ministry,0.0
minister,0.0
mystery,0.0
mining,0.0
mine,0.0
mindspring,0.0
minds,0.0
mind,0.0
mzhang,0.0
min,0.0
n1,0.0
milwaukee,0.0
milton,0.0
million,0.0
na,0.0
millers,0.0
miller,0.0
military,0.0
mobilize,0.0
museum,0.0
mode,0.0
moved,0.0
mstockt,0.0
mstower,0.0
motsinger,0.0
motorcycles,0.0
mswyatt,0.0
motherland,0.0
mother,0.0
mostly,0.0
most,0.0
moskowitz,0.0
morrow,0.0
mt,0.0
morrison,0.0
morris,0.0
morningsidetech,0.0
morningside,0.0
mornings,0.0
morning,0.0
morgankeegan,0.0
morgangroup,0.0
mterras,0.0
mtg,0.0
morgan,0.0
move,0.0
moves,0.0
msacchi,0.0
msteven3,0.0
msabine,0.0
msimmon,0.0
ms150,0.0
ms,0.0
mryan,0.0
mrudula,0.0
mrsalomon1,0.0
msn,0.0
mrs,0.0
mroll,0.0
mrodrig,0.0
mrhee,0.0
mrha,0.0
mratner,0.0
msoness,0.0
mr,0.0
mpoulso,0.0
mpaul,0.0
mpasad2,0.0
mparraca,0.0
mparikh,0.0
mpadron,0.0
moving,0.0
mthomps,0.0
mtschen,0.0
moran,0.0
morale,0.0
moment,0.0
mom,0.0
muller,0.0
molly,0.0
mullet,0.0
mojor,0.0
mohanram,0.0
mohan,0.0
mogal,0.0
moffett,0.0
mulligan,0.0
multinational,0.0
modulus,0.0
modify,0.0
multiple,0.0
modest,0.0
moderated,0.0
modeling,0.0
modeled,0.0
model,0.0
murdoch,0.0
murdock,0.0
murphy,0.0
mon,0.0
monday,0.0
monduli,0.0
monte,0.0
mor,0.0
moorer,0.0
much,0.0
moore,0.0
moody,0.0
montovano,0.0
months,0.0
monthly,0.0
month,0.0
monteleone,0.0
muftuler,0.0
mukerji,0.0
monson,0.0
monopoly,0.0
monitoring,0.0
monitored,0.0
monitor,0.0
monica,0.0
mongeon,0.0
mharris4,0.0
money,0.0
monetary,0.0
mhatten,0.0
mexican,0.0
mhamlin,0.0
marketplace,0.0
marquez,0.0
maronge,0.0
marolo,0.0
marnoy,0.0
marmol,0.0
marlenep0606,0.0
marlene,0.0
marla,0.0
markskilling,0.0
markpa,0.0
markey,0.0
markets,0.0
marketplaces,0.0
marketing,0.0
marriott,0.0
marketi,0.0
market,0.0
markejackson,0.0
marked,0.0
mark_s_palmer,0.0
mark_russ,0.0
mark,0.0
maritta,0.0
marissa,0.0
marion,0.0
marilyn,0.0
mariella,0.0
marianne,0.0
married,0.0
marsden,0.0
mgt,0.0
mastermind,0.0
mavs,0.0
maureen,0.0
matthew,0.0
matters,0.0
matter,0.0
matt,0.0
matson,0.0
matos,0.0
mathew,0.0
materials,0.0
material,0.0
matched,0.0
match,0.0
mastercard,0.0
marsh,0.0
master,0.0
massimo,0.0
mass,0.0
mashington,0.0
maryhelen,0.0
maryann,0.0
mary,0.0
marty,0.0
martinez,0.0
martin,0.0
martha,0.0
marshall,0.0
marsha,0.0
maria,0.0
margins,0.0
margarite,0.0
majoring,0.0
malonso,0.0
malone,0.0
malls,0.0
mallen3,0.0
maldonado,0.0
maktay,0.0
making,0.0
makes,0.0
makers,0.0
make,0.0
mak,0.0
majorprogress,0.0
majority,0.0
major,0.0
margarita,0.0
maitland,0.0
mainzer,0.0
maintenance,0.0
maintains,0.0
mainelli,0.0
main,0.0
mailto,0.0
mails,0.0
mailings,0.0
mailing,0.0
mailed,0.0
mailbox,0.0
mail,0.0
man,0.0
manage,0.0
management,0.0
manager,0.0
margaret,0.0
marekbros,0.0
marek,0.0
marcusevanstx,0.0
marcusevans,0.0
marcus,0.0
marconi,0.0
marcia,0.0
march,0.0
marcello,0.0
marc,0.0
mar,0.0
maps,0.0
mapping,0.0
map,0.0
manzolillo,0.0
many,0.0
mansfield,0.0
mannino,0.0
manning,0.0
manner,0.0
mann,0.0
maniar,0.0
manarin,0.0
managing,0.0
managers,0.0
managerial,0.0
may,0.0
may_holiday,0.0
maybe,0.0
membership,0.0
menu,0.0
mentors,0.0
mentor,0.0
mentioned,0.0
mentalities,0.0
menr,0.0
mendoza,0.0
mendez,0.0
men,0.0
memory,0.0
memories,0.0
memorial,0.0
memo,0.0
members,0.0
medmonds,0.0
member,0.0
melodick,0.0
melinda,0.0
melanie_king,0.0
meichma,0.0
megamania,0.0
meets,0.0
meetings,0.0
meeting,0.0
meetin,0.0
meet,0.0
meehan,0.0
medward,0.0
mercedes,0.0
mercy,0.0
meredith,0.0
merger,0.0
mgonzal3,0.0
mglassc,0.0
mgimble,0.0
mgillis,0.0
mgarber2,0.0
mgandy,0.0
mfrancis,0.0
mflaniga,0.0
meyers,0.0
meyer,0.0
mexico,0.0
naiser,0.0
meubank,0.0
metts,0.0
metoyer,0.0
metin,0.0
methodist,0.0
metals,0.0
meta,0.0
met,0.0
messrs,0.0
messaging,0.0
messages,0.0
merrill,0.0
merit,0.0
meridien,0.0
merging,0.0
medrano,0.0
mediu,0.0
mayes,0.0
mcastigl,0.0
mcgrath,0.0
mcgowan,0.0
mcginnis,0.0
mcgaughy,0.0
mcdonald,0.0
mccurley,0.0
mccullough,0.0
mcconnell,0.0
mcclellan,0.0
mccarty,0.0
mccarthy,0.0
mccall,0.0
mcbride,0.0
mcarter,0.0
medios,0.0
mcapest,0.0
mcadoo,0.0
mcadam,0.0
mc,0.0
mbs,0.0
mbruneau,0.0
mbkuntz,0.0
mbawa,0.0
mbaker2,0.0
mbaddour,0.0
mba1979,0.0
mba,0.0
mazzacco,0.0
mcgregor,0.0
mckeever,0.0
mckinsey,0.0
mckinzie,0.0
media,0.0
mechanisms,0.0
mechanism,0.0
mechanics,0.0
meantime,0.0
meant,0.0
means,0.0
meaningful,0.0
meaning,0.0
mean,0.0
meade,0.0
mdypiang,0.0
mduffy,0.0
mduffey,0.0
mdrisc3,0.0
mdlr15,0.0
mday,0.0
md,0.0
mcvicker,0.0
mcsherry,0.0
mcourtn,0.0
mcnealy,0.0
mcmichael,0.0
mcmahon,0.0
mcloughlin,0.0
mclennd,0.0
mclane,0.0
nairobi,0.0
navy,0.0
nalvino,0.0
parthasg,0.0
partnership,0.0
partners,0.0
partner,0.0
parties,0.0
particularly,0.0
particular,0.0
participation,0.0
participating,0.0
participates,0.0
participate,0.0
participants,0.0
participant,0.0
partial,0.0
partha,0.0
name,0.0
part,0.0
parking,0.0
parkhill,0.0
parker,0.0
parkcity,0.0
park,0.0
paris,0.0
parameters,0.0
paperless,0.0
paper,0.0
papa,0.0
panikar,0.0
panelists,0.0
party,0.0
pass,0.0
passcode,0.0
passed,0.0
pbennet,0.0
payroll,0.0
payouts,0.0
payment,0.0
payable,0.0
pay,0.0
paxton,0.0
pavilion,0.0
pavetto,0.0
paulo,0.0
paulcu,0.0
paula,0.0
paul,0.0
pattim,0.0
patti,0.0
patrick,0.0
patience,0.0
paths,0.0
pathnet,0.0
path,0.0
paterson,0.0
pat,0.0
pastorhess,0.0
paste,0.0
past,0.0
password,0.0
passengers,0.0
panel,0.0
pamphlet,0.0
pamela,0.0
owen,0.0
owathing,0.0
overwhelmed,0.0
oversubscribed,0.0
oversight,0.0
oversees,0.0
overnight,0.0
overlap,0.0
overdyke,0.0
overall,0.0
over,0.0
ovalle,0.0
outstanding,0.0
outsource,0.0
outside,0.0
outlook,0.0
outlines,0.0
outlined,0.0
outing,0.0
outcome,0.0
outage,0.0
out,0.0
ourselves,0.0
ours,0.0
our,0.0
ots,0.0
otherwise,0.0
others,0.0
owe,0.0
owens,0.0
pam,0.0
own,0.0
palmisano,0.0
palmer,0.0
palm,0.0
pak,0.0
pairs,0.0
paid,0.0
pai,0.0
page,0.0
pagan,0.0
padron,0.0
padilla,0.0
padair,0.0
paco,0.0
packing,0.0
packet,0.0
packages,0.0
package,0.0
pacific,0.0
pacheco,0.0
paced,0.0
p00500599,0.0
ozzie,0.0
oxley,0.0
ownership,0.0
owners,0.0
owner,0.0
owned,0.0
pblanco,0.0
pbonilla,0.0
pbroder,0.0
pinkus,0.0
pinchbeck,0.0
pilot,0.0
piligian,0.0
piece,0.0
pictures,0.0
picture,0.0
pickups,0.0
pickup,0.0
picking,0.0
pickering,0.0
picked,0.0
pick,0.0
piccadilly,0.0
pic18132,0.0
php,0.0
photos,0.0
photofete,0.0
photo,0.0
phone,0.0
philosophy,0.0
phillips,0.0
phillippe,0.0
phillip_lord,0.0
phillies,0.0
philippe,0.0
philipp,0.0
philipf,0.0
pinero,0.0
pioneering,0.0
philanthropic,0.0
pipeline,0.0
plus,0.0
pledges,0.0
pledge,0.0
pleases,0.0
pleased,0.0
please,0.0
pleasant,0.0
pleahy,0.0
players,0.0
player,0.0
played,0.0
play,0.0
platform,0.0
plated,0.0
plans,0.0
planning,0.0
planned,0.0
planificaci,0.0
plane,0.0
plan,0.0
places,0.0
place,0.0
pjeanmar,0.0
pjaising,0.0
pitfalls,0.0
pitch,0.0
piper,0.0
philanthropy,0.0
philadelphia,0.0
pburkha,0.0
permits,0.0
permanent,0.0
periods,0.0
period,0.0
perhaps,0.0
performing,0.0
performance,0.0
perfectly,0.0
perfect,0.0
perez,0.0
perch,0.0
per,0.0
people,0.0
penzoil,0.0
penny,0.0
pennsylvania,0.0
pencilled,0.0
penciled,0.0
peikert,0.0
peggy,0.0
peers,0.0
pedersen,0.0
peddlers,0.0
pdx,0.0
pdf,0.0
pda,0.0
pcx,0.0
pc,0.0
permission,0.0
permitted,0.0
phil,0.0
person,0.0
phenomenal,0.0
phelan,0.0
pheintz,0.0
phayes,0.0
phat,0.0
pham,0.0
ph,0.0
pgregor,0.0
pgn,0.0
pghosh,0.0
pfrison,0.0
pfissle,0.0
pezzia,0.0
petroleum,0.0
petris,0.0
petersan,0.0
peter,0.0
pete,0.0
peruse,0.0
peru,0.0
pertinent,0.0
perspectives,0.0
perspective,0.0
persons,0.0
personnel,0.0
personally,0.0
personal,0.0
other,0.0
ospina,0.0
originated,0.0
nla,0.0
nita,0.0
nisha,0.0
nine,0.0
nina,0.0
nile,0.0
nikita,0.0
niguel,0.0
nigeria,0.0
nigel,0.0
niemi,0.0
nicole,0.0
nico,0.0
nicki,0.0
nick,0.0
nicholson,0.0
nicholas,0.0
nice,0.0
niamh,0.0
niall,0.0
nhiggin,0.0
nhiemst,0.0
nguyen,0.0
ngorongoro,0.0
ng,0.0
nfoley,0.0
next,0.0
newspaper,0.0
nkelley,0.0
nmh,0.0
news,0.0
nmss,0.0
noticed,0.0
notice,0.0
nothing,0.0
notharvard,0.0
notesmail,0.0
note,0.0
notch,0.0
not,0.0
northwest,0.0
northup,0.0
northamerica,0.0
north,0.0
norris,0.0
normal,0.0
norma,0.0
norden,0.0
norcross,0.0
noon,0.0
none,0.0
noncompete,0.0
non,0.0
nomura,0.0
nominated,0.0
noles,0.0
noland,0.0
noble,0.0
no,0.0
newshour,0.0
newpowers,0.0
notified,0.0
negatively,0.0
needs,0.0
needed,0.0
need,0.0
ned,0.0
necessary,0.0
necesito,0.0
nebraska,0.0
nearest,0.0
near,0.0
neal,0.0
nbcham,0.0
nbc,0.0
mahan,0.0
naturally,0.0
natural,0.0
nationwide,0.0
nationals,0.0
national,0.0
nation,0.0
nath,0.0
nassau,0.0
nasim,0.0
nashville,0.0
nasd,0.0
nancy_siska,0.0
names,0.0
named,0.0
needy,0.0
negotiating,0.0
newpower,0.0
negrete,0.0
newport,0.0
newly,0.0
newfl,0.0
newest,0.0
newbridge,0.0
new,0.0
nevis,0.0
nevertheless,0.0
never,0.0
neurologist,0.0
networks,0.0
networking,0.0
network,0.0
netversant,0.0
nettleton,0.0
nethercutt,0.0
netcomuk,0.0
netcom,0.0
netbotz,0.0
netactive,0.0
net,0.0
nesday,0.0
nepco,0.0
nelson,0.0
neil,0.0
neighborhood,0.0
neighbor,0.0
notifications,0.0
notify,0.0
originally,0.0
ooc,0.0
ontko,0.0
onsitedg,0.0
onramp,0.0
only,0.0
onlinemailbox,0.0
online,0.0
ones,0.0
oneika,0.0
one,0.0
ondarza,0.0
once,0.0
on,0.0
omer,0.0
ome,0.0
omar,0.0
omaha,0.0
olvera,0.0
olson,0.0
oliver,0.0
olfati,0.0
olds,0.0
old,0.0
ol,0.0
oklahoma,0.0
okay,0.0
ok,0.0
oil,0.0
onto,0.0
open,0.0
ogborn,0.0
opened,0.0
original,0.0
orientation,0.0
organizations,0.0
organization,0.0
org,0.0
ordered,0.0
order,0.0
or,0.0
oqh,0.0
options,0.0
option,0.0
optimize,0.0
optimally,0.0
optimal,0.0
optical,0.0
optic,0.0
opportunity,0.0
opportunities,0.0
opinion,0.0
ophouston,0.0
operations,0.0
operational,0.0
operation,0.0
operating,0.0
opera,0.0
opens,0.0
opening,0.0
oh,0.0
og,0.0
noting,0.0
obstacles,0.0
objectives,0.0
objectively,0.0
objective,0.0
oasis,0.0
oakwood,0.0
oak,0.0
nzhu,0.0
ny,0.0
nwu,0.0
nwill,0.0
nvolcy,0.0
numerous,0.0
numbers,0.0
number,0.0
nstepha,0.0
nshah,0.0
npng,0.0
npalcze,0.0
nowlan,0.0
nowak,0.0
now,0.0
novo,0.0
november,0.0
novak,0.0
nov,0.0
notre,0.0
notional,0.0
observe,0.0
obtain,0.0
often,0.0
obtained,0.0
offs,0.0
officing,0.0
officials,0.0
officially,0.0
official,0.0
offices,0.0
officers,0.0
officer,0.0
office,0.0
offi,0.0
offers,0.0
offerings,0.0
offering,0.0
offered,0.0
offer,0.0
off,0.0
of,0.0
odysseypen,0.0
odyssey,0.0
october,0.0
oct,0.0
occurs,0.0
occurrence,0.0
occasional,0.0
obviously,0.0
obvious,0.0
obtaining,0.0
mahoney,0.0
lynda,0.0
maguire,0.0
ipaq,0.0
ion,0.0
involved,0.0
invoices,0.0
invoice,0.0
inviting,0.0
invites,0.0
invitees,0.0
invitee,0.0
invited,0.0
invite,0.0
invitations,0.0
invitation,0.0
investors,0.0
investor,0.0
investments,0.0
investment,0.0
investing,0.0
investigators,0.0
investigations,0.0
investigation,0.0
investigated,0.0
invaluable,0.0
introductory,0.0
introductions,0.0
introduction,0.0
introducing,0.0
introduced,0.0
iowa,0.0
ipe,0.0
intrigued,0.0
ipetroz,0.0
ivory,0.0
itxpo,0.0
itself,0.0
its,0.0
itinerary,0.0
items,0.0
itareen,0.0
italy,0.0
it,0.0
istanbul,0.0
issues,0.0
issued,0.0
issue,0.0
ispheres,0.0
isp,0.0
isn,0.0
isle,0.0
island,0.0
isla,0.0
isingh,0.0
isc,0.0
isabel,0.0
is,0.0
irivera,0.0
iqureish,0.0
iquest,0.0
ipo,0.0
introduce,0.0
intranet,0.0
ix,0.0
intense,0.0
intend,0.0
intelligent,0.0
intelligence,0.0
intellect,0.0
integrators,0.0
integration,0.0
integrating,0.0
integrated,0.0
int,0.0
insure,0.0
instrument,0.0
instructions,0.0
institutions,0.0
institutional,0.0
institute,0.0
instability,0.0
insights,0.0
insightpartners,0.0
insight,0.0
insider,0.0
inside,0.0
inquiry,0.0
inquired,0.0
inquire,0.0
input,0.0
innovative,0.0
innogy,0.0
intended,0.0
intent,0.0
into,0.0
interaction,0.0
intimidated,0.0
intimate,0.0
interviews,0.0
interviewing,0.0
interviewers,0.0
interviewer,0.0
interview,0.0
intertrust,0.0
intersection,0.0
interoffice,0.0
internship,0.0
internet,0.0
interned,0.0
international5001,0.0
international,0.0
internal,0.0
intern,0.0
interests,0.0
interesting,0.0
interested,0.0
interest,0.0
interesitng,0.0
interdependent,0.0
intercontinentalexchange,0.0
interagent,0.0
interactive,0.0
interactions,0.0
iwon,0.0
izmit,0.0
magnolia,0.0
jlang,0.0
jks,0.0
jkoop,0.0
jking5,0.0
jking4,0.0
jimmy,0.0
jimmie_williams,0.0
jimfulrich,0.0
jim,0.0
jhuffak,0.0
jhowton,0.0
jhopley,0.0
jhoover,0.0
jhoff2,0.0
jhirl,0.0
jguo,0.0
jgraham,0.0
jgordon,0.0
jgolden,0.0
jgodbol,0.0
jferrar,0.0
jessica,0.0
jesse,0.0
jespera,0.0
jescoba,0.0
jerry,0.0
jernigan,0.0
jeremy,0.0
jks1205,0.0
jlangfo,0.0
jepstei,0.0
jlee7,0.0
john,0.0
joel,0.0
joe_hirko,0.0
joe,0.0
job,0.0
joao,0.0
joannie,0.0
joann,0.0
joanie,0.0
joan,0.0
jo,0.0
jnoles,0.0
jnewbro,0.0
jneil,0.0
jmyung,0.0
jmillig,0.0
jmiao,0.0
jmgrover,0.0
jmerrit,0.0
jmcpher,0.0
jmassey,0.0
jmartin5,0.0
jmarti2,0.0
jmackey,0.0
jlin3,0.0
jli,0.0
jlfreeh,0.0
jere,0.0
jenvey,0.0
izzo,0.0
jay,0.0
jawallace12050,0.0
jason,0.0
jarek,0.0
japanese,0.0
january,0.0
jansson,0.0
janine,0.0
janie,0.0
janice,0.0
janet_sutton,0.0
janet,0.0
janell,0.0
jane,0.0
jana,0.0
jan,0.0
james,0.0
jalthaus,0.0
jallari,0.0
jafry,0.0
jae,0.0
jacque,0.0
jacoby,0.0
jackson,0.0
jackie,0.0
jack,0.0
jablonski,0.0
jab,0.0
jawhite,0.0
jay_hawthorn,0.0
jenny,0.0
jbest,0.0
jennifer,0.0
jeffrey,0.0
jeffery,0.0
jeff_skilling_oct2001,0.0
jeff_hines,0.0
jeff_donohue,0.0
jeff,0.0
jeanie_miller,0.0
jean,0.0
jdilg,0.0
jdgramke,0.0
jdesai,0.0
jdent,0.0
jdematos,0.0
jdeffner,0.0
jdavidso,0.0
jcsbio,0.0
jcs,0.0
jcoulte,0.0
jcornet,0.0
jcole,0.0
jchola,0.0
jchoi,0.0
jchampi,0.0
jbuerkl,0.0
jbratto,0.0
jblachma,0.0
innoculations,0.0
innocent,0.0
injuries,0.0
homes,0.0
home,0.0
homco,0.0
holthouseinterests,0.0
holthouse,0.0
holmes,0.0
holliday,0.0
holidays,0.0
holiday,0.0
holfati,0.0
holes,0.0
holding,0.0
hold,0.0
hohl,0.0
hoganinvestment,0.0
hogan01,0.0
hogan,0.0
hoelscher,0.0
hodges,0.0
hodge,0.0
hobbycomm,0.0
hobby,0.0
ho,0.0
hmurill,0.0
hmitche,0.0
hlin,0.0
hitting,0.0
hit,0.0
homecoming,0.0
honda,0.0
histories,0.0
honestly,0.0
hour,0.0
hou,0.0
hotmail,0.0
hotline,0.0
hotels,0.0
hotel,0.0
hosts,0.0
hosting,0.0
hosted,0.0
host,0.0
hospitality,0.0
hospice,0.0
hosman,0.0
hoskins,0.0
horton,0.0
horrigan,0.0
horne,0.0
horn,0.0
hoping,0.0
hopes,0.0
hopefully,0.0
hoped,0.0
hope,0.0
hood,0.0
honored,0.0
honor,0.0
hong,0.0
history,0.0
historic,0.0
initiatives,0.0
hetzel,0.0
hess,0.0
hesitate,0.0
herzog,0.0
herself,0.0
herod,0.0
herndon,0.0
hernandez,0.0
hermans,0.0
hermann,0.0
herman,0.0
heritage,0.0
heres,0.0
herein,0.0
hereby,0.0
here,0.0
her,0.0
hensch,0.0
henry,0.0
hennessy,0.0
helps,0.0
helping,0.0
helpful,0.0
helped,0.0
help,0.0
hello,0.0
helen,0.0
held,0.0
hester,0.0
hey,0.0
his,0.0
hgutier,0.0
hirsh,0.0
hirl,0.0
hirko,0.0
hiring,0.0
hired,0.0
hines,0.0
himself,0.0
him,0.0
hilly,0.0
hills,0.0
hillis,0.0
hilliard,0.0
hill,0.0
hilda,0.0
hilary,0.0
hiking,0.0
highway,0.0
highly,0.0
highlights,0.0
highlight,0.0
highest,0.0
high,0.0
hicks,0.0
hickey,0.0
hi,0.0
hhellma,0.0
hhangus,0.0
hourconference,0.0
hours,0.0
house,0.0
independent,0.0
incredibly,0.0
increased,0.0
increase,0.0
including,0.0
includes,0.0
included,0.0
include,0.0
inclination,0.0
incentives,0.0
incentive,0.0
inc,0.0
inauguration,0.0
inaugural,0.0
inadvertently,0.0
inaccurate,0.0
ina,0.0
in,0.0
improving,0.0
improvement,0.0
improve,0.0
impressive,0.0
impossible,0.0
imposition,0.0
important,0.0
importance,0.0
implications,0.0
implementing,0.0
incumbent,0.0
index,0.0
housing,0.0
india,0.0
initiative,0.0
initiated,0.0
initially,0.0
initial,0.0
ingram,0.0
infusion,0.0
infrastructure,0.0
informen,0.0
informed,0.0
informative,0.0
informationweek,0.0
informational,0.0
information,0.0
informal,0.0
info,0.0
influential,0.0
inferior,0.0
inez,0.0
industry,0.0
industries,0.0
industrial,0.0
individuals,0.0
individual,0.0
indirectly,0.0
indication,0.0
indicated,0.0
indicate,0.0
implementation,0.0
implement,0.0
imperiled,0.0
impacts,0.0
hutchathoh,0.0
hutch,0.0
hurn,0.0
hunter,0.0
humble,0.0
humberto,0.0
human,0.0
hultquist,0.0
hull,0.0
hughes,0.0
huge,0.0
huddled,0.0
hu,0.0
http,0.0
html,0.0
htm,0.0
hr,0.0
hp,0.0
however,0.0
howes,0.0
howe,0.0
howard,0.0
how,0.0
houstontech,0.0
houstonstreet,0.0
houstonian,0.0
houston,0.0
hutton,0.0
hvae,0.0
hwy,0.0
igbal,0.0
impactful,0.0
impacted,0.0
impact,0.0
immediately,0.0
imf,0.0
imagine,0.0
image4,0.0
image002,0.0
image001,0.0
image,0.0
illinois,0.0
ii,0.0
igazmuri,0.0
hyatt,0.0
iea,0.0
ideas,0.0
ideal,0.0
idea,0.0
icq,0.0
icbc,0.0
icaplan,0.0
ibm,0.0
ibf,0.0
iberdrola,0.0
ian,0.0
iain,0.0
john_grumbles,0.0
john_mcclain,0.0
johnathan,0.0
lhowens,0.0
lho,0.0
lgillet,0.0
lfields,0.0
lewis,0.0
levels,0.0
level,0.0
letting,0.0
letter,0.0
less,0.0
lesh,0.0
lerro,0.0
leonel,0.0
leonardo,0.0
leo_equity_story_c,0.0
lengthy,0.0
length,0.0
lend,0.0
lena,0.0
lemmons,0.0
leland,0.0
leitch,0.0
leibert,0.0
lehrer,0.0
lehman,0.0
legier,0.0
legible,0.0
legally,0.0
lhope,0.0
li,0.0
leg,0.0
lia,0.0
linked,0.0
link,0.0
ling_li,0.0
lines,0.0
line,0.0
lindsay,0.0
lindley,0.0
linda,0.0
lin,0.0
limiting,0.0
limited,0.0
lim,0.0
lillian,0.0
lilienthal,0.0
lilia,0.0
likewise,0.0
likely,0.0
lifetime,0.0
life,0.0
lieu,0.0
liesurly,0.0
lien,0.0
lieberman,0.0
liebau,0.0
lie,0.0
liberty,0.0
libasco,0.0
legal,0.0
left,0.0
lance,0.0
laurie,0.0
laura,0.0
launching,0.0
launch,0.0
lattice,0.0
latin,0.0
latest,0.0
later,0.0
lately,0.0
late,0.0
lasts,0.0
last,0.0
las,0.0
larsen,0.0
larry,0.0
larkin,0.0
larimore,0.0
largest,0.0
large,0.0
lara,0.0
laptop,0.0
lap,0.0
lantel,0.0
language,0.0
lane,0.0
landry,0.0
landmark,0.0
landivar,0.0
lauren,0.0
lavorato,0.0
leff,0.0
law,0.0
leesa,0.0
leeofficesupplies,0.0
lee,0.0
led,0.0
leboe,0.0
leaving,0.0
leaves,0.0
leave,0.0
least,0.0
learning,0.0
learned,0.0
learn,0.0
leaked,0.0
leah,0.0
leading,0.0
leadership,0.0
leaders,0.0
leader,0.0
lead,0.0
leach,0.0
le,0.0
lconnol,0.0
lcampbel,0.0
lbenavi,0.0
lay,0.0
laws,0.0
lawrence,0.0
links,0.0
linton,0.0
liquidity,0.0
lunches,0.0
lunch,0.0
lummis,0.0
luminaries,0.0
luminants,0.0
luminant,0.0
luly,0.0
lukowitsch,0.0
luis,0.0
luigical,0.0
lucy,0.0
lucky,0.0
luck,0.0
luce,0.0
lubeca,0.0
ltr,0.0
ltham,0.0
lstuart,0.0
lsnowde,0.0
lrosenb,0.0
lrivera,0.0
lpan,0.0
lpacheco,0.0
loyalty,0.0
lowry,0.0
lower,0.0
low,0.0
loving,0.0
luncheon,0.0
lundstrom,0.0
lira,0.0
lung,0.0
maggiones,0.0
maggiano,0.0
magee,0.0
magdelena,0.0
magazine,0.0
made,0.0
macleod,0.0
mackin,0.0
mackay,0.0
mack,0.0
machine,0.0
macerich,0.0
mabraha,0.0
ma,0.0
lysa,0.0
lyons,0.0
lynne,0.0
lynn,0.0
pmarkey,0.0
lynch,0.0
lyin2,0.0
lydia,0.0
lxiao,0.0
lwp,0.0
lworthy,0.0
lwitt,0.0
lwente,0.0
loved,0.0
love,0.0
lounghrid,0.0
louisiana,0.0
located,0.0
local,0.0
lobby,0.0
loan,0.0
lnc,0.0
lmoore,0.0
lmiller,0.0
lmendez,0.0
lmena,0.0
lmastran,0.0
lmalone,0.0
lloyd,0.0
llevara,0.0
llaidlaw,0.0
ll,0.0
ljackso,0.0
liz,0.0
living,0.0
livestock,0.0
lives,0.0
lively,0.0
live,0.0
little,0.0
litigants,0.0
listed,0.0
list,0.0
lisa,0.0
location,0.0
lockhart,0.0
locks,0.0
loop,0.0
louise,0.0
loud,0.0
lou,0.0
lotus,0.0
lots,0.0
lot,0.0
lost,0.0
losing,0.0
loretta,0.0
lorenzo,0.0
lopez,0.0
loosely,0.0
looks,0.0
lodge,0.0
looking,0.0
looked,0.0
look,0.0
longer,0.0
long,0.0
lone,0.0
london,0.0
lon,0.0
lola,0.0
logo,0.0
login,0.0
logging,0.0
land,0.0
lamar,0.0
johnathan_dazey,0.0
karina,0.0
karen,0.0
kapoor,0.0
kansas,0.0
kaminski,0.0
kal,0.0
kai,0.0
jzhang,0.0
jyazigi,0.0
jwilli5,0.0
jwiesep,0.0
jwhiteh,0.0
jward,0.0
jwang3,0.0
jw,0.0
jvangeld,0.0
justin,0.0
just,0.0
juno,0.0
junior,0.0
june,0.0
jun,0.0
jump,0.0
july,0.0
julio,0.0
julie,0.0
julia,0.0
jul,0.0
kari,0.0
kashby,0.0
judyaspen,0.0
katherine,0.0
kemal,0.0
kelly,0.0
kelleyc86,0.0
kelley,0.0
keller,0.0
keith,0.0
keeping,0.0
keepers,0.0
keep,0.0
keenly,0.0
keen,0.0
kean,0.0
kd,0.0
kcompton,0.0
kcompea,0.0
kchow,0.0
kchick,0.0
kcason,0.0
kbennou,0.0
kbean,0.0
kayla,0.0
kay,0.0
katwala,0.0
katie,0.0
kathy,0.0
kathryn,0.0
kathleen,0.0
juggins,0.0
judy,0.0
lake,0.0
jpattill,0.0
jp,0.0
joyce,0.0
joy,0.0
journalists,0.0
journal,0.0
josh,0.0
joseph,0.0
josec,0.0
jose,0.0
jornada,0.0
jordan,0.0
jones,0.0
jonejrj,0.0
jonathon,0.0
jonathan,0.0
jon_thomsen,0.0
jon,0.0
jolibois,0.0
joint,0.0
joining,0.0
joined,0.0
join,0.0
johnt,0.0
johnston,0.0
johnson,0.0
johnmiller,0.0
johnh,0.0
jpage,0.0
jpg,0.0
judgegyro,0.0
jpielop,0.0
juan,0.0
jturner,0.0
jthrashe,0.0
jthorne,0.0
jthompso,0.0
jthompk,0.0
jsurfac,0.0
jstark,0.0
jsparli,0.0
jsommer,0.0
jsnyder,0.0
jslone,0.0
jskilli,0.0
jshankm,0.0
jseigal,0.0
jschube,0.0
jscarbo,0.0
jsaunde,0.0
jsamudi,0.0
jryan3,0.0
jroumel,0.0
jrostan,0.0
jriley,0.0
jreside,0.0
jrandol,0.0
jr,0.0
jpyke,0.0
ken,0.0
kenneth,0.0
kenny,0.0
kristin,0.0
krings,0.0
kriegel,0.0
krice,0.0
kretz,0.0
kraske,0.0
kpresto,0.0
kpcb,0.0
kovalcik,0.0
koutani,0.0
koran,0.0
kong,0.0
koller,0.0
kohli,0.0
koenig,0.0
knows,0.0
known,0.0
knowledgeable,0.0
knowledge,0.0
knowing,0.0
kno,0.0
knight,0.0
knew,0.0
kneuner,0.0
knethercutt,0.0
knapp,0.0
kmonk,0.0
kmcnell,0.0
kristi,0.0
kristina,0.0
kenya,0.0
kristina_lund,0.0
laine,0.0
laidlaw,0.0
laid,0.0
laguna,0.0
lagrange,0.0
laflin,0.0
lady,0.0
ladish,0.0
ladies,0.0
lacey,0.0
lacalli,0.0
labor,0.0
la,0.0
kzheng,0.0
kwomac2,0.0
kuykendall,0.0
kurz,0.0
kuntz,0.0
kuehl,0.0
ku,0.0
ktate,0.0
kstewart,0.0
kskilling,0.0
kshulkl,0.0
ks,0.0
kruscit,0.0
kruffco,0.0
kmccoy,0.0
klynn,0.0
klucas,0.0
kls,0.0
kid,0.0
kick,0.0
khourie,0.0
kherrma,0.0
khanno,0.0
khand,0.0
khan,0.0
khall2,0.0
khalil,0.0
kgreiner,0.0
kgordon2,0.0
kfrancis,0.0
keynote,0.0
key,0.0
kevinscott,0.0
kevin_rollins,0.0
kevin_howard,0.0
kevin_hannon,0.0
kevin_b_murphy,0.0
kevin,0.0
ketter,0.0
kester,0.0
kerry,0.0
kerr,0.0
kerkman,0.0
kept,0.0
keohane,0.0
kidde,0.0
kidding,0.0
kilimanjaro,0.0
kistler,0.0
klm,0.0
klein,0.0
klawinski,0.0
klaus,0.0
kkuyken,0.0
kkr,0.0
kkoye,0.0
kknop,0.0
kkasravi,0.0
kk,0.0
kjsosville,0.0
kitchen,0.0
kishkill,0.0
kilmer,0.0
kishindo,0.0
kischa,0.0
kirby,0.0
kirawira,0.0
kinneman,0.0
kindness,0.0
kinder,0.0
kind,0.0
kimberly,0.0
kimball,0.0
kimb,0.0
kim,0.0
pm,0.0
pooling,0.0
pmcglory,0.0
texaco,0.0
thatcher,0.0
that,0.0
thanking,0.0
thank,0.0
than,0.0
thames,0.0
thais,0.0
th,0.0
tgts,0.0
tfulton,0.0
texpac,0.0
texpa,0.0
texas,0.0
testimony,0.0
somewhere,0.0
testimonials,0.0
tested,0.0
test,0.0
tesfaia,0.0
tesco,0.0
terry,0.0
terms,0.0
term,0.0
teresa,0.0
terech,0.0
tents,0.0
tented,0.0
tentatively,0.0
the,0.0
thecwcgroup,0.0
their,0.0
themselves,0.0
throughout,0.0
through,0.0
three,0.0
thoughts,0.0
thoughtful,0.0
thought,0.0
though,0.0
those,0.0
thornton,0.0
thor,0.0
thomsen,0.0
thompson,0.0
thomas,0.0
thode,0.0
this,0.0
third,0.0
thinks,0.0
thinking,0.0
think,0.0
things,0.0
thing,0.0
they,0.0
these,0.0
theresa,0.0
therein,0.0
therefore,0.0
then,0.0
tentative,0.0
tent,0.0
tension,0.0
tauzier,0.0
task,0.0
targeted,0.0
target,0.0
tara,0.0
tanzanian,0.0
tanzania,0.0
tansu,0.0
tani,0.0
tammy,0.0
tammie,0.0
tamara,0.0
talwar,0.0
tallen,0.0
talking,0.0
talked,0.0
talk,0.0
talent,0.0
takumi,0.0
taking,0.0
takes,0.0
taken,0.0
take,0.0
tak,0.0
tailgating,0.0
tag,0.0
table,0.0
t2g,0.0
tattoo,0.0
tax,0.0
tenhave,0.0
taxes,0.0
tenant,0.0
ten,0.0
temperature,0.0
tell,0.0
telge,0.0
television,0.0
telephone,0.0
telecommunications,0.0
telecom,0.0
tel,0.0
tei,0.0
ted,0.0
technology,0.0
technologies,0.0
technicians,0.0
technical,0.0
tech,0.0
teams,0.0
team_id,0.0
team,0.0
tea,0.0
tdutta,0.0
tduhan,0.0
tbrown8889,0.0
tbd,0.0
taylor,0.0
taxi,0.0
thrown,0.0
thu,0.0
thur,0.0
trakya,0.0
trail,0.0
traffic,0.0
traditional,0.0
trading,0.0
trades,0.0
trade,0.0
tradable,0.0
tracy,0.0
track,0.0
traci,0.0
tqcap,0.0
tppf,0.0
tpg,0.0
tpclosson,0.0
towns,0.0
townpark,0.0
town,0.0
towers,0.0
towards,0.0
toward,0.0
tournement,0.0
tournament,0.0
touring,0.0
tourdecypress2,0.0
tourdecypress1,0.0
tour,0.0
tough,0.0
training,0.0
trammellcrow,0.0
touch,0.0
tramsey,0.0
treated,0.0
treasury,0.0
treasurer,0.0
treasure,0.0
treadwell,0.0
travisintl,0.0
travelocity,0.0
travelling,0.0
traveling,0.0
travel,0.0
transwestern,0.0
transredes,0.0
transportation,0.0
transparent,0.0
transmitted,0.0
transmission,0.0
transition,0.0
transformed,0.0
transformation,0.0
transform,0.0
transcripts,0.0
transcript,0.0
transactions,0.0
transaction,0.0
transacting,0.0
transacted,0.0
trang,0.0
touched,0.0
totaling,0.0
thursday,0.0
tmap,0.0
tlc,0.0
tke,0.0
title,0.0
tina,0.0
timothy,0.0
timmons,0.0
timing,0.0
times,0.0
timely,0.0
timekeeper,0.0
timeframes,0.0
timeframe,0.0
time,0.0
timber,0.0
tim,0.0
tilney,0.0
till,0.0
tijerina,0.0
tihnk,0.0
tight,0.0
tiffany,0.0
tier,0.0
tie,0.0
ticket,0.0
tice,0.0
thx,0.0
thus,0.0
tlindho,0.0
tnc,0.0
total,0.0
tnoble2,0.0
tortolero,0.0
torrey,0.0
torres,0.0
tori,0.0
tops,0.0
topics,0.0
topic,0.0
top,0.0
tools,0.0
toolbox,0.0
tool,0.0
took,0.0
too,0.0
tony,0.0
tonight,0.0
tone,0.0
tomskilljr,0.0
tomorrow,0.0
tom,0.0
tolway,0.0
told,0.0
tojeff,0.0
togo,0.0
together,0.0
todd,0.0
today,0.0
tobor,0.0
systems,0.0
system,0.0
syndicated,0.0
standing,0.0
stand,0.0
stan,0.0
stamp,0.0
stamford,0.0
staley,0.0
stairs,0.0
staging,0.0
stage,0.0
staffs,0.0
staff,0.0
stadium,0.0
stacy,0.0
stabler,0.0
stabilization,0.0
stability,0.0
st,0.0
ssw,0.0
ssoles,0.0
sserota,0.0
sr,0.0
sprunt,0.0
springs,0.0
spring,0.0
spreads,0.0
spread,0.0
spouses,0.0
sporting,0.0
standard,0.0
stanford,0.0
sporadic,0.0
stanley,0.0
stephanie,0.0
stephane,0.0
steph,0.0
stein,0.0
steffes,0.0
stefan,0.0
steering,0.0
steerable,0.0
steel,0.0
stays,0.0
staying,0.0
stay,0.0
status,0.0
stature,0.0
stations,0.0
station,0.0
stateside,0.0
states,0.0
statement,0.0
stated,0.0
state,0.0
starts,0.0
starting,0.0
started,0.0
start,0.0
stark,0.0
stanmarek,0.0
sport,0.0
sponsorship,0.0
stephen,0.0
spanish,0.0
spaces,0.0
space,0.0
sp,0.0
soyal,0.0
southwest,0.0
southern,0.0
southard,0.0
south,0.0
sourcingwp,0.0
sourcing,0.0
sources,0.0
sourceit,0.0
source,0.0
sounds,0.0
soundbite,0.0
sound,0.0
sosville,0.0
sort,0.0
sorry,0.0
sophomore,0.0
sophie,0.0
sophia,0.0
soound,0.0
sooner,0.0
soon,0.0
sonneborn,0.0
sondra,0.0
spakevicius,0.0
sparked,0.0
sponsored,0.0
sparks,0.0
spoken,0.0
spoke,0.0
split,0.0
spiller,0.0
spent,0.0
spending,0.0
spend,0.0
spencer,0.0
spelling,0.0
spelled,0.0
spell,0.0
speed,0.0
speech,0.0
spectrum,0.0
specifics,0.0
specifically,0.0
specific,0.0
specialty,0.0
specialized,0.0
special,0.0
spears,0.0
speaks,0.0
speaking,0.0
speakers,0.0
speaker,0.0
speak,0.0
spe,0.0
stephanie_strong,0.0
stephens,0.0
symposium,0.0
supposed,0.0
supporting,0.0
supporter,0.0
support,0.0
suppliers,0.0
supplied,0.0
supplement,0.0
superscript,0.0
superonline,0.0
superior,0.0
super,0.0
sunil,0.0
sunflower,0.0
sunderland,0.0
sunde,0.0
sunday,0.0
sun,0.0
summits,0.0
summit,0.0
summer,0.0
summary,0.0
sul,0.0
suites,0.0
suited,0.0
suite,0.0
suggests,0.0
suggestions,0.0
suggested,0.0
supportive,0.0
suppressed,0.0
sue,0.0
sure,0.0
sympathy,0.0
sylvia,0.0
sylvester,0.0
sybille,0.0
syarrow,0.0
swinford,0.0
sweitzer,0.0
sweet,0.0
swbanktx,0.0
swanswalk,0.0
swamped,0.0
sw1y,0.0
svps,0.0
svp,0.0
suzanne,0.0
sutton,0.0
sustaining,0.0
suspended,0.0
suspect,0.0
susan,0.0
surveys,0.0
surveying,0.0
survey,0.0
surrounding,0.0
surprised,0.0
surprise,0.0
suresh,0.0
suggest,0.0
such,0.0
steps,0.0
street,0.0
strategists,0.0
strategies,0.0
strategic,0.0
stransky,0.0
strange,0.0
story,0.0
stories,0.0
storie,0.0
stores,0.0
store,0.0
stops,0.0
stopping,0.0
stop,0.0
stones,0.0
stomberg,0.0
stokley,0.0
stock,0.0
stinson,0.0
still,0.0
stewart,0.0
stevenson,0.0
steven,0.0
steved,0.0
steve_elliott,0.0
steve,0.0
sterling,0.0
stereets,0.0
strategy,0.0
streets,0.0
successfully,0.0
strictly,0.0
successful,0.0
success,0.0
suburban,0.0
substantively,0.0
subsidiaries,0.0
subsequent,0.0
submitted,0.0
subjected,0.0
subconscious,0.0
sub,0.0
styles,0.0
style,0.0
stuff,0.0
study,0.0
studies,0.0
studied,0.0
student,0.0
stuart,0.0
struggling,0.0
struggled,0.0
structures,0.0
structural,0.0
strongly,0.0
strong,0.0
stroke,0.0
strive,0.0
string,0.0
treatment,0.0
trek,0.0
tremendous,0.0
wherever,0.0
whenever,0.0
when,0.0
wheelhouse,0.0
wheelerads,0.0
whatever,0.0
what,0.0
whalley,0.0
wgramm,0.0
wgander,0.0
weta,0.0
weston,0.0
westin,0.0
westheimer,0.0
westfield,0.0
western,0.0
westbrook,0.0
west,0.0
weren,0.0
were,0.0
wepe,0.0
went,0.0
wendy,0.0
wendi,0.0
wells,0.0
weller,0.0
well,0.0
welfare,0.0
where,0.0
whether,0.0
welcomed,0.0
which,0.0
willie,0.0
williamson,0.0
williams,0.0
williamhjordan,0.0
william,0.0
willamhjordan,0.0
will,0.0
wilkins,0.0
wil,0.0
wiggs,0.0
wife,0.0
widely,0.0
wide,0.0
why,0.0
whose,0.0
whomever,0.0
whom,0.0
wholly,0.0
whole,0.0
who,0.0
whitt,0.0
whitney,0.0
whitmore,0.0
whitehead,0.0
white,0.0
whipple,0.0
while,0.0
welcomes,0.0
welcome,0.0
wilson,0.0
watch,0.0
wasn,0.0
washington,0.0
wasaff,0.0
was,0.0
warrenton,0.0
warren,0.0
warranty,0.0
warning,0.0
warner,0.0
warmest,0.0
warm,0.0
warehouse,0.0
ward,0.0
wantschek,0.0
wants,0.0
wanting,0.0
wanted,0.0
want,0.0
wangdi,0.0
wang,0.0
wanda,0.0
walton,0.0
walters,0.0
waltenspuel,0.0
walt,0.0
walpool,0.0
walls,0.0
waste,0.0
watched,0.0
welch,0.0
water,0.0
weilep,0.0
weichmann,0.0
weeks,0.0
weekly,0.0
weekend,0.0
week,0.0
wednesday,0.0
wedel,0.0
wedding,0.0
websource,0.0
website,0.0
webmaker,0.0
webley,0.0
webcast,0.0
webb,0.0
web,0.0
weaver,0.0
weatherstone,0.0
wear,0.0
weaknesses,0.0
we,0.0
ways,0.0
wayne,0.0
way,0.0
watts,0.0
watsonms,0.0
watkins,0.0
willing,0.0
wincrest,0.0
wallace,0.0
yolanda,0.0
yesterday,0.0
yes,0.0
yen,0.0
yellow,0.0
yelba,0.0
years,0.0
yearly,0.0
year,0.0
ye,0.0
yarrow,0.0
yardim,0.0
yarbrough,0.0
yahoo,0.0
xms,0.0
xls,0.0
xcelerator,0.0
x475,0.0
x37782,0.0
x36629,0.0
x36197,0.0
x35202,0.0
x30943,0.0
x3,0.0
x291,0.0
x220,0.0
x213,0.0
wyoming,0.0
yet,0.0
york,0.0
www,0.0
yorleni,0.0
zurich,0.0
zulie,0.0
zufferli,0.0
zuefle,0.0
zube,0.0
zipper,0.0
zip,0.0
zimmerscheidt,0.0
ziffenergy,0.0
ziff,0.0
zero,0.0
zatarain,0.0
zarate,0.0
za,0.0
yy,0.0
yvette,0.0
ysaettone,0.0
yr,0.0
ypomap,0.0
ypoers,0.0
ypo,0.0
yourself,0.0
yours,0.0
your,0.0
youngblood,0.0
young,0.0
you,0.0
www20,0.0
wvlarkin,0.0
winkler,0.0
word,0.0
woolard,0.0
woody,0.0
woodlands,0.0
wood,0.0
wondering,0.0
wonderful,0.0
wonder,0.0
won,0.0
women,0.0
womble,0.0
wmpat50,0.0
wmanngkr,0.0
wlhessjr,0.0
wjennin,0.0
witt,0.0
witness,0.0
withyou,0.0
without,0.0
within,0.0
with,0.0
wishes,0.0
wish,0.0
wires,0.0
wireless,0.0
wire,0.0
wins,0.0
winners,0.0
wop,0.0
words,0.0
wu,0.0
work,0.0
wthom25746,0.0
wsfjg,0.0
wrote,0.0
wrong,0.0
written,0.0
writing,0.0
writes,0.0
write,0.0
wrigley,0.0
wright,0.0
wrap,0.0
wpo,0.0
wouldn,0.0
would,0.0
worthy,0.0
worthwhile,0.0
worth,0.0
worrying,0.0
worried,0.0
worm,0.0
worldwide,0.0
worldview,0.0
worldnet,0.0
world,0.0
works,0.0
working,0.0
worked,0.0
wallis,0.0
wall,0.0
tremendously,0.0
unfortunately,0.0
unfold,0.0
unfair,0.0
undue,0.0
undisputed,0.0
underway,0.0
undertaken,0.0
undertake,0.0
understanding,0.0
understand,0.0
undersecretary,0.0
underdown,0.0
under,0.0
und,0.0
uncommon,0.0
unbelievable,0.0
unbeknownst,0.0
unavailable,0.0
unauthorized,0.0
unable,0.0
ultimately,0.0
ultimate,0.0
ulrich,0.0
ulm,0.0
ul,0.0
uk,0.0
ugh,0.0
uejbe,0.0
unforgettable,0.0
unilever,0.0
tyrone,0.0
union,0.0
upper,0.0
upon,0.0
updating,0.0
updates,0.0
updated,0.0
update,0.0
upcoming,0.0
up,0.0
unyielding,0.0
unwired,0.0
unwilling,0.0
unvested,0.0
unused,0.0
until,0.0
unterberg,0.0
unsolicited,0.0
unpaid,0.0
unnecessary,0.0
unlimited,0.0
unless,0.0
university,0.0
universities,0.0
universal,0.0
units,0.0
united,0.0
unit,0.0
unique,0.0
uecker,0.0
typo,0.0
upshaw,0.0
tskilling,0.0
tsc,0.0
ts,0.0
trying,0.0
try,0.0
truth,0.0
trustto,0.0
trustee,0.0
trusted,0.0
trust,0.0
truly,0.0
true,0.0
trouble,0.0
troops,0.0
troach,0.0
trizechahn,0.0
trish3kids,0.0
trips,0.0
trip,0.0
trillion,0.0
triley,0.0
triggering,0.0
tried,0.0
tridium,0.0
trice,0.0
tribune,0.0
trial,0.0
trends,0.0
tschen,0.0
tucker,0.0
typically,0.0
tuckeralan,0.0
typical,0.0
types,0.0
tykes,0.0
tycholiz,0.0
tx,0.0
twofold,0.0
twin71251,0.0
twice,0.0
twenty,0.0
twa,0.0
tv,0.0
tutorial,0.0
tut,0.0
turrusgas,0.0
turnover,0.0
turnout,0.0
turner,0.0
turned,0.0
turnaround,0.0
turn,0.0
turmoil,0.0
turkish,0.0
turkey,0.0
tulsa,0.0
tully,0.0
tuesday,0.0
tue,0.0
ups,0.0
upside,0.0
walked,0.0
vital,0.0
visitors,0.0
visitor,0.0
visited,0.0
visit,0.0
vision,0.0
visas,0.0
visa,0.0
vinson,0.0
vineyard,0.0
vincent,0.0
vince,0.0
vin,0.0
villasenor,0.0
villarreal,0.0
vignette,0.0
views,0.0
viewed,0.0
view_notify,0.0
view,0.0
video,0.0
victoria,0.0
victor,0.0
vickie,0.0
vicki,0.0
vickers,0.0
vicens,0.0
vice,0.0
visits,0.0
vitas,0.0
veto,0.0
vitol,0.0
walk,0.0
waivers,0.0
waiver,0.0
waived,0.0
waiting,0.0
wait,0.0
wade_doshier,0.0
wade,0.0
wackerle,0.0
wacker,0.0
wa,0.0
vs,0.0
vps,0.0
vp,0.0
vouch,0.0
vote,0.0
voorhees,0.0
vonderheide,0.0
volunteers,0.0
volumes,0.0
volume,0.0
voicemail,0.0
voice,0.0
vnsm,0.0
vivian_kobeh,0.0
vivanco,0.0
vitrella,0.0
via,0.0
very,0.0
uptime,0.0
valuable,0.0
valencia,0.0
vacation,0.0
v6,0.0
uy,0.0
utton,0.0
utp,0.0
utley,0.0
utives,0.0
utilizing,0.0
utilize,0.0
utility,0.0
utilities,0.0
utah,0.0
ut,0.0
using,0.0
uses,0.0
users,0.0
user,0.0
useful,0.0
used,0.0
use,0.0
usage,0.0
usa,0.0
urquhart,0.0
url,0.0
urgent,0.0
urgency,0.0
valley,0.0
valuation,0.0
verticalnet,0.0
value,0.0
versus,0.0
veronica,0.0
vernon,0.0
verification,0.0
verbally,0.0
ventures,0.0
ventured,0.0
venture,0.0
venezuela,0.0
venetian,0.0
vendors,0.0
velaw,0.0
vegas,0.0
ve,0.0
vcf,0.0
vbhatt,0.0
vaughan,0.0
vast,0.0
various,0.0
variation,0.0
varco,0.0
vanessa,0.0
vanderbilt,0.0
vance,0.0
vanbuskirk,0.0
van,0.0
values,0.0
son,0.0
somewhat,0.0
pmeyers,0.0
redeem,0.0
reference,0.0
refer,0.0
reestablishing,0.0
reese,0.0
reedy,0.0
reed,0.0
reduction,0.0
reducing,0.0
reduce,0.0
redstonegrp,0.0
redmond,0.0
redmeteor,0.0
redm,0.0
recruiting,0.0
sometimes,0.0
record,0.0
reconsider,0.0
reconfigure,0.0
reconciliation,0.0
recommended,0.0
recommendations,0.0
recommendation,0.0
recommend,0.0
recollection,0.0
recognized,0.0
recognize,0.0
recognition,0.0
reck,0.0
referenced,0.0
references,0.0
referencia,0.0
reflect,0.0
reinartz,0.0
reid,0.0
rehab,0.0
regulatory,0.0
regulators,0.0
regularly,0.0
regular,0.0
regret,0.0
registration,0.0
registrants,0.0
registering,0.0
registered,0.0
register,0.0
regions,0.0
region,0.0
regency,0.0
regards,0.0
regardless,0.0
regarding,0.0
regarded,0.0
regard,0.0
regain,0.0
reg,0.0
refundable,0.0
refund,0.0
refreshment,0.0
reform,0.0
recipient,0.0
recieved,0.0
reception,0.0
reachable,0.0
re,0.0
rdillehay,0.0
rd,0.0
rchetti,0.0
rcarson,0.0
rblumberg,0.0
rbisono,0.0
raymond,0.0
ray,0.0
ravishanker,0.0
rauscher,0.0
rattled,0.0
ratio,0.0
rather,0.0
rates,0.0
rate,0.0
rapidly,0.0
rapid,0.0
ranging,0.0
range,0.0
rang,0.0
randy,0.0
random,0.0
randi,0.0
randall,0.0
rand,0.0
ranabir,0.0
reach,0.0
reached,0.0
recently,0.0
reacquainting,0.0
recent,0.0
receiving,0.0
receives,0.0
received,0.0
receive,0.0
receipt,0.0
recalls,0.0
recall,0.0
rebroadcast,0.0
rebhorn,0.0
rebecca,0.0
reasons,0.0
reasonable,0.0
reason,0.0
really,0.0
realize,0.0
reality,0.0
real,0.0
reaffiliated,0.0
ready,0.0
reading,0.0
read,0.0
reactions,0.0
reaction,0.0
reacting,0.0
reacted,0.0
react,0.0
reinventing,0.0
reinvest,0.0
reiterated,0.0
responsibilities,0.0
response,0.0
responding,0.0
respondents,0.0
responded,0.0
respond,0.0
respects,0.0
respective,0.0
respectfully,0.0
respected,0.0
respect,0.0
resources,0.0
resource,0.0
resoundingly,0.0
resort,0.0
resolved,0.0
resignations,0.0
resignation,0.0
resign,0.0
resides,0.0
residential,0.0
reset,0.0
reserved,0.0
reserve,0.0
reservations,0.0
reservation,0.0
resend,0.0
researchers,0.0
responses,0.0
responsibility,0.0
rescheduled,0.0
responsible,0.0
reviewing,0.0
reviewed,0.0
review,0.0
revenues,0.0
revenue,0.0
revealing,0.0
reuters,0.0
reunion,0.0
returns,0.0
returning,0.0
returned,0.0
return,0.0
retreat,0.0
retention,0.0
retaining,0.0
retailers,0.0
retail,0.0
resuscitating,0.0
resumes,0.0
resume,0.0
results,0.0
resulted,0.0
result,0.0
restructuring,0.0
restrooms,0.0
restaurant,0.0
rest,0.0
research,0.0
reschedule,0.0
relate,0.0
renewable,0.0
rendered,0.0
remove,0.0
remiss,0.0
reminders,0.0
reminder,0.0
remi,0.0
remember,0.0
remaining,0.0
remainder,0.0
reluctantly,0.0
relihan,0.0
relied,0.0
reliant,0.0
reliance,0.0
relia,0.0
relevant,0.0
relevance,0.0
releasing,0.0
released,0.0
release,0.0
relatives,0.0
relative,0.0
relationships,0.0
relationship,0.0
relations,0.0
relating,0.0
related,0.0
renee,0.0
renowned,0.0
rerouting,0.0
rep,0.0
reroute,0.0
requires,0.0
required,0.0
require,0.0
requests,0.0
requested,0.0
request,0.0
reputation,0.0
reputable,0.0
reps,0.0
reproduction,0.0
reprieve,0.0
represents,0.0
representing,0.0
represented,0.0
representative,0.0
represent,0.0
repository,0.0
reposition,0.0
reports,0.0
reporting,0.0
reporter,0.0
reported,0.0
report,0.0
reply,0.0
replaced,0.0
repeats,0.0
rana,0.0
ramsey,0.0
ramey,0.0
prevent,0.0
presumptuous,0.0
presto,0.0
pressure,0.0
press,0.0
presidents,0.0
presidential,0.0
president,0.0
presently,0.0
presenting,0.0
presenters,0.0
presenter,0.0
presented,0.0
presentations,0.0
presentation,0.0
presentat,0.0
present,0.0
presence,0.0
presbyterian,0.0
preparing,0.0
prepared,0.0
prepare,0.0
preparation,0.0
prep,0.0
prentice,0.0
premium,0.0
premise,0.0
premier,0.0
pretty,0.0
preventive,0.0
preferred,0.0
prevents,0.0
proactive,0.0
prizont,0.0
privileged,0.0
privilege,0.0
privilage,0.0
private,0.0
prismintl,0.0
priority,0.0
prior,0.0
prints,0.0
printout,0.0
printing,0.0
printer,0.0
printed,0.0
printable,0.0
print,0.0
principles,0.0
princeton,0.0
prime,0.0
primary,0.0
primarily,0.0
pricing,0.0
prices,0.0
price,0.0
pribble,0.0
previously,0.0
previous,0.0
preliminary,0.0
preference,0.0
probably,0.0
possibility,0.0
positive,0.0
position,0.0
positano,0.0
portwood,0.0
portion,0.0
portfolios,0.0
portfolio,0.0
porter,0.0
portals,0.0
popular,0.0
pop,0.0
poor,0.0
heidecker,0.0
pool,0.0
ponytail,0.0
polo,0.0
poll,0.0
political,0.0
policy,0.0
poised,0.0
points,0.0
point,0.0
podium,0.0
pocketbook,0.0
poarch,0.0
png,0.0
pmurphy,0.0
positively,0.0
possible,0.0
prefer,0.0
possibly,0.0
preeminent,0.0
precedence,0.0
pre,0.0
prc,0.0
praying,0.0
pravas,0.0
pramgola,0.0
pradhan,0.0
practitioners,0.0
practices,0.0
practice,0.0
practical,0.0
pr,0.0
ppt,0.0
ppatel3,0.0
powergen,0.0
powerful,0.0
powered,0.0
power,0.0
powell,0.0
potter,0.0
potentially,0.0
potential,0.0
potempa,0.0
posway,0.0
posted,0.0
post,0.0
proactively,0.0
problem,0.0
ram,0.0
putting,0.0
puthigai,0.0
put,0.0
pushy,0.0
pushing,0.0
pursuing,0.0
pursue,0.0
pursuant,0.0
purposes,0.0
purpose,0.0
purely,0.0
purchased,0.0
pulling,0.0
pull,0.0
publishing,0.0
published,0.0
publish,0.0
publicly,0.0
publication,0.0
public,0.0
pua,0.0
ptwomey,0.0
ptvnews,0.0
ptucker,0.0
ptriesc,0.0
ptravis,0.0
ptlapek,0.0
pt,0.0
puts,0.0
pwhobby,0.0
ps,0.0
pwm1950,0.0
ralph,0.0
raising,0.0
raised,0.0
raise,0.0
rahil,0.0
raghavan,0.0
rafael,0.0
racicot,0.0
rachael,0.0
quoted,0.0
quote,0.0
quite,0.0
quiroga,0.0
quilkey,0.0
quickly,0.0
quick,0.0
questions,0.0
questioning,0.0
question,0.0
queries,0.0
quarterly,0.0
quarter,0.0
qualifications,0.0
quake,0.0
quackenbush,0.0
pyt,0.0
py,0.0
pst,0.0
prudent,0.0
problems,0.0
prohibited,0.0
progress,0.0
programs,0.0
programming,0.0
program,0.0
profoundly,0.0
profits,0.0
profit,0.0
profiles,0.0
profile,0.0
professor,0.0
professionals,0.0
professionally,0.0
professional,0.0
profession,0.0
prof,0.0
products,0.0
productive,0.0
production,0.0
product,0.0
producers,0.0
procrastinated,0.0
processing,0.0
processes,0.0
process,0.0
proceedings,0.0
proceeding,0.0
proceed,0.0
progressing,0.0
project,0.0
prowess,0.0
projects,0.0
provocative,0.0
provisions,0.0
provision,0.0
providing,0.0
provides,0.0
providers,0.0
provider,0.0
provided,0.0
provide,0.0
proven,0.0
proudfoot,0.0
proud,0.0
protection,0.0
protected,0.0
proprietary,0.0
proposed,0.0
proposal,0.0
property,0.0
properties,0.0
proper,0.0
propaganda,0.0
pronounce,0.0
prompt,0.0
promotion,0.0
prominently,0.0
prominent,0.0
proliant,0.0
reviews,0.0
revised,0.0
revolution,0.0
shaphondria,0.0
shape,0.0
shankman,0.0
shalley,0.0
shall,0.0
shake,0.0
shah,0.0
shaffer,0.0
shack,0.0
sgiridha,0.0
sgahn,0.0
sfordham,0.0
sfo,0.0
sf,0.0
several,0.0
seven,0.0
settlements,0.0
setting,0.0
set,0.0
sessions,0.0
session,0.0
services,0.0
service,0.0
serves,0.0
server,0.0
served,0.0
serve,0.0
servant,0.0
shaper,0.0
share,0.0
serious,0.0
shared,0.0
sherriff,0.0
sherrie,0.0
sherrick,0.0
sheri,0.0
shepherd,0.0
shepard,0.0
shelly,0.0
shelley,0.0
shell,0.0
shelden,0.0
shelby,0.0
sheila,0.0
sheets,0.0
sheet,0.0
shed,0.0
she,0.0
shcc,0.0
shawnfranks,0.0
shawn,0.0
shaw,0.0
sharron,0.0
sharp,0.0
sharonda,0.0
sharon,0.0
sharing,0.0
shareholders,0.0
shareholder,0.0
seriously,0.0
series,0.0
sheryl,0.0
sees,0.0
seems,0.0
seeks,0.0
seek,0.0
seeing,0.0
seeded,0.0
see,0.0
sedan,0.0
security,0.0
securities,0.0
securing,0.0
secure,0.0
secuity,0.0
sectors,0.0
sectoral,0.0
sector,0.0
sections,0.0
section,0.0
secretary,0.0
second,0.0
sebastien,0.0
seats,0.0
seating,0.0
seated,0.0
seat,0.0
seasons,0.0
season,0.0
searching,0.0
seen,0.0
segura,0.0
sergio,0.0
seis,0.0
serengeti,0.0
ser,0.0
september,0.0
sept,0.0
separately,0.0
sep,0.0
senterracorp,0.0
sensitive,0.0
sense,0.0
senior,0.0
sends,0.0
sending,0.0
sender,0.0
send,0.0
seminar,0.0
semiconductors,0.0
semiconductor,0.0
semester,0.0
selzer,0.0
selling,0.0
sell,0.0
self,0.0
seleznov,0.0
selection,0.0
selected,0.0
sekse,0.0
seizing,0.0
sherron,0.0
shibata,0.0
search,0.0
smlindley,0.0
smithkline,0.0
smith,0.0
smida,0.0
smarnoy,0.0
smaller,0.0
small,0.0
slowing,0.0
slowed,0.0
slow,0.0
sloppy,0.0
slipped,0.0
slides,0.0
slds,0.0
slc1856,0.0
slainte,0.0
slackers,0.0
skywalk,0.0
skinner,0.0
skillset,0.0
skills,0.0
skillings,0.0
skillingjeffrey_k_enron_corpora,0.0
skillingenron,0.0
skill,0.0
sketch,0.0
skeptics,0.0
skellett,0.0
smiths,0.0
smu,0.0
skarness,0.0
smurphy,0.0
sometime,0.0
something,0.0
somers,0.0
someone,0.0
somehow,0.0
somebody,0.0
some,0.0
solved,0.0
solutions,0.0
solution,0.0
solis,0.0
solid,0.0
solicited,0.0
solicitation,0.0
solicit,0.0
soles,0.0
solely,0.0
sole,0.0
sold,0.0
solberg,0.0
solar,0.0
sogborn,0.0
software,0.0
society,0.0
social,0.0
soares,0.0
so,0.0
skating,0.0
size,0.0
shieldml,0.0
siess,0.0
sidwell,0.0
sidney,0.0
side,0.0
si,0.0
shyam,0.0
shults,0.0
shuffle,0.0
showtime,0.0
shows,0.0
shown,0.0
showing,0.0
showed,0.0
showcase,0.0
show,0.0
shoup,0.0
shouldn,0.0
should,0.0
shots,0.0
shot,0.0
shortly,0.0
short,0.0
shopping,0.0
shoppers,0.0
shooting,0.0
shirts,0.0
shirley,0.0
ship,0.0
sieckman,0.0
sign,0.0
six,0.0
signature,0.0
sivcoinc,0.0
situation,0.0
sitting,0.0
sites,0.0
site,0.0
sit,0.0
sister,0.0
siska,0.0
sir,0.0
single,0.0
sinclair,0.0
sincerely,0.0
since,0.0
sin,0.0
simultaneous,0.0
simply,0.0
simone,0.0
simon,0.0
similar,0.0
siliconenergy,0.0
silicon,0.0
signing,0.0
significantly,0.0
significant,0.0
signet,0.0
signed,0.0
signatures,0.0
searches,0.0
sean,0.0
rex,0.0
rosalee,0.0
roots,0.0
room,0.0
ronniem,0.0
ronnie,0.0
ronn,0.0
ronald_ridlehuber,0.0
ron,0.0
romero,0.0
romano,0.0
roman,0.0
rolodex,0.0
rolls,0.0
rollintl,0.0
rollins,0.0
roll,0.0
rolf,0.0
roles,0.0
role,0.0
rogers,0.0
roger,0.0
rodriguez,0.0
rodney,0.0
rodgrigues,0.0
rod,0.0
rocky,0.0
rockford,0.0
rockey,0.0
rosado,0.0
rosalinda,0.0
rocc,0.0
rosane,0.0
rrossell,0.0
rrogers,0.0
rrizopa,0.0
rrezaei,0.0
rr,0.0
rpiper,0.0
rphilli1,0.0
royal,0.0
roy,0.0
roxanne,0.0
row,0.0
routinely,0.0
routes,0.0
route,0.0
roundtable,0.0
round,0.0
rough,0.0
rothchild,0.0
rotation,0.0
rotary,0.0
rostant,0.0
rossell,0.0
ross,0.0
roses,0.0
rosenstrauch,0.0
rosello,0.0
rose,0.0
rock,0.0
robust,0.0
rsoares,0.0
rinetia,0.0
rights,0.0
right,0.0
rieker,0.0
riding,0.0
rides,0.0
riders,0.0
rider,0.0
ride,0.0
rick_waddell,0.0
rick_bayer,0.0
rick,0.0
richter,0.0
richie,0.0
richardw,0.0
richardson,0.0
richardbc,0.0
richard,0.0
rich,0.0
rice,0.0
rhsu,0.0
rhowe,0.0
rhart,0.0
rharman,0.0
rgrube,0.0
reynolds,0.0
rexrode,0.0
rex_shelby,0.0
rijo,0.0
rio,0.0
robles,0.0
risen,0.0
robinson,0.0
robin,0.0
robertson,0.0
roberts,0.0
robert_duncan,0.0
robert,0.0
robbin,0.0
rob,0.0
roadshow,0.0
roads,0.0
road,0.0
roach,0.0
rmwongo,0.0
rmathew,0.0
rleiber,0.0
rlassan,0.0
rlammer,0.0
rizzo,0.0
rizzi,0.0
rivera,0.0
river,0.0
ritz,0.0
rita,0.0
risks,0.0
riskpublications,0.0
risk2000euro,0.0
risk,0.0
rs,0.0
rstewart,0.0
sealptcourse,0.0
schmalbach,0.0
scheduling,0.0
schedules,0.0
scheduled,0.0
schedule,0.0
schaffer,0.0
schafer,0.0
schaeffer,0.0
schachter,0.0
scenario,0.0
scattered,0.0
scarborough,0.0
scales,0.0
scale,0.0
scalable,0.0
scalability,0.0
says,0.0
sayre,0.0
saying,0.0
sayers,0.0
say,0.0
saw,0.0
savvy,0.0
savvis,0.0
savita,0.0
savings,0.0
saved,0.0
save,0.0
schiller,0.0
schmidt,0.0
satisfaction,0.0
schneider,0.0
sealpt,0.0
seal,0.0
seagulls,0.0
seagate,0.0
se,0.0
sczykutowicz,0.0
scrippa,0.0
scrimshaw,0.0
screens,0.0
screen,0.0
scratch,0.0
scrapmet,0.0
scott,0.0
score,0.0
scope,0.0
sclerosis,0.0
scippa,0.0
scientifics,0.0
scient,0.0
science,0.0
schweppes,0.0
schwarz,0.0
schroeder,0.0
schroder,0.0
schoppe,0.0
school,0.0
schnitzer,0.0
saturday,0.0
sat,0.0
rsvp,0.0
sachs,0.0
sabbatical,0.0
saab,0.0
sa,0.0
ryzquie,0.0
ryan,0.0
rxclark,0.0
rusty,0.0
russellreynolds,0.0
russell,0.0
rusk,0.0
runs,0.0
running,0.0
run,0.0
rules,0.0
rule,0.0
ruiz,0.0
rudolf,0.0
rudd,0.0
rubondo,0.0
rubin,0.0
rubena,0.0
rub,0.0
ruane,0.0
rtrice,0.0
rtio,0.0
rthomas,0.0
rsvps,0.0
sabine,0.0
sad,0.0
sarita,0.0
saettone,0.0
sarah,0.0
sap,0.0
santa,0.0
sanjay,0.0
sandy,0.0
sandwich,0.0
sandra,0.0
sandeep,0.0
san,0.0
samuel_pak,0.0
samuel,0.0
samudio,0.0
samual,0.0
sami,0.0
same,0.0
samantha,0.0
sam_palmisano,0.0
sam,0.0
salyer,0.0
salomon,0.0
sally,0.0
sales,0.0
salazartr,0.0
said,0.0
safeguard,0.0
safe,0.0
safari,0.0
heightened,0.0
headquartered,0.0
hedstrom,0.0
allegations,0.0
along,0.0
almost,0.0
almoina,0.0
alma,0.0
allwein,0.0
allowing,0.0
allowed,0.0
allow,0.0
allocation,0.0
alliances,0.0
alliance,0.0
allen,0.0
alleged,0.0
allegation,0.0
arrange,0.0
all,0.0
alkhayat,0.0
alka,0.0
aligned,0.0
ali,0.0
alhamd,0.0
alfredo,0.0
alex,0.0
alert,0.0
alejandra,0.0
alehner,0.0
ale,0.0
alderman,0.0
alp,0.0
alpha,0.0
alphabetical,0.0
alpharetta,0.0
amd,0.0
ambler,0.0
amazon,0.0
amazing,0.0
amazes,0.0
amat,0.0
amaniar,0.0
amanda,0.0
amanceb,0.0
ama,0.0
am,0.0
alyon,0.0
always,0.0
alvin,0.0
alvaro,0.0
alvarez,0.0
alum,0.0
altra,0.0
altman,0.0
although,0.0
alternatives,0.0
alternative,0.0
alter,0.0
altavista,0.0
also,0.0
already,0.0
alphonse,0.0
alder,0.0
albuquerque,0.0
alberto,0.0
ahead,0.0
agupta2,0.0
aguilar,0.0
agreements,0.0
agreement,0.0
agreeing,0.0
agreed,0.0
agreeable,0.0
agonzal2,0.0
ago,0.0
aggregator,0.0
agfg,0.0
agents,0.0
agent,0.0
agennix,0.0
agenda,0.0
agency,0.0
agarg,0.0
agarcia,0.0
against,0.0
again,0.0
afterwards,0.0
aftershock,0.0
afternoon,0.0
after,0.0
african,0.0
africa,0.0
afraid,0.0
ahamby,0.0
ahernan6,0.0
alarsen,0.0
ahoxha1,0.0
alarm,0.0
alan,0.0
alamo,0.0
al,0.0
akorioth,0.0
akollar,0.0
akinpal,0.0
akinpa,0.0
akin,0.0
akhoja,0.0
aka,0.0
ajunto,0.0
ajon,0.0
ajanna,0.0
ajain4,0.0
ajackso5,0.0
airport,0.0
airmail,0.0
airlines,0.0
airline,0.0
airgreight,0.0
airfreight,0.0
aircraft,0.0
air,0.0
aimed,0.0
aid,0.0
ahoy,0.0
amelia,0.0
amenities,0.0
america,0.0
approvals,0.0
appropriate,0.0
approaching,0.0
approached,0.0
approach,0.0
appreciative,0.0
appreciation,0.0
appreciates,0.0
appreciated,0.0
appreciate,0.0
appologies,0.0
appointments,0.0
appointment,0.0
appointed,0.0
applying,0.0
apply,0.0
applied,0.0
applications,0.0
application,0.0
appears,0.0
appear,0.0
appealing,0.0
apparently,0.0
apparent,0.0
apology,0.0
apologize,0.0
apologies,0.0
aperkin,0.0
approval,0.0
approve,0.0
ap,0.0
approved,0.0
around,0.0
arora,0.0
aronoff,0.0
aroman,0.0
arnold,0.0
arnoff,0.0
armstrong,0.0
armogida,0.0
arise,0.0
ariba,0.0
arends,0.0
aren,0.0
aredric,0.0
areas,0.0
area,0.0
ard,0.0
architect,0.0
arbitrage,0.0
arap,0.0
arange,0.0
aqua,0.0
april,0.0
apqc,0.0
appt,0.0
approximately,0.0
approx,0.0
approves,0.0
apartment,0.0
aol,0.0
american,0.0
angie,0.0
angel,0.0
ane,0.0
andy,0.0
andrews,0.0
andrew,0.0
andrea,0.0
anderson,0.0
andersen,0.0
and,0.0
ancap,0.0
ananda,0.0
analysts,0.0
analyst,0.0
analysis,0.0
anahman,0.0
an,0.0
amy,0.0
amundi,0.0
amsterdam,0.0
ams,0.0
amount,0.0
among,0.0
amoco,0.0
amita,0.0
amiller,0.0
amiles,0.0
amex,0.0
angela,0.0
angiodynamics,0.0
anywhere,0.0
angus,0.0
anyway,0.0
anything,0.0
anyone,0.0
any,0.0
anxious,0.0
anuj,0.0
antonio,0.0
antique,0.0
anticipate,0.0
anthony_duenner,0.0
answering,0.0
answered,0.0
answer,0.0
ansi_x3,0.0
another,0.0
annuityboard,0.0
annual,0.0
announcing,0.0
announces,0.0
announcement,0.0
announce,0.0
annette,0.0
anne,0.0
annb,0.0
annasa,0.0
anna,0.0
ann,0.0
afouke,0.0
affluent,0.0
affluence,0.0
904,0.0
9008,0.0
90,0.0
8th,0.0
888,0.0
8820,0.0
876,0.0
8713829,0.0
869,0.0
868,0.0
864,0.0
862,0.0
861,0.0
86,0.0
854,0.0
853,0.0
852,0.0
8505893,0.0
85,0.0
8499,0.0
8493,0.0
8489,0.0
847,0.0
8440,0.0
844,0.0
8407708,0.0
8381,0.0
838,0.0
900s,0.0
91,0.0
832,0.0
914,0.0
975,0.0
9738,0.0
9730,0.0
972,0.0
970294,0.0
9666,0.0
9618,0.0
961,0.0
9597,0.0
954,0.0
953,0.0
949,0.0
9469,0.0
9457525,0.0
944,0.0
941,0.0
932,0.0
931,0.0
9300,0.0
930,0.0
9276,0.0
926,0.0
9240,0.0
924,0.0
9233,0.0
9191,0.0
917,0.0
835,0.0
8300,0.0
98,0.0
7667012,0.0
766,0.0
7611287,0.0
760,0.0
759,0.0
7528,0.0
75244email,0.0
750,0.0
7466314,0.0
745,0.0
7418,0.0
740,0.0
7372896,0.0
731,0.0
7305297,0.0
73,0.0
7277,0.0
727,0.0
7241,0.0
7240027,0.0
724,0.0
7233881,0.0
7217,0.0
7196936,0.0
7175647,0.0
7173558,0.0
7171,0.0
713,0.0
7666,0.0
768,0.0
827,0.0
7690032,0.0
826,0.0
825,0.0
8213,0.0
811,0.0
81,0.0
807,0.0
8044,0.0
8042908,0.0
8031012,0.0
801860,0.0
800,0.0
7th,0.0
7969,0.0
7865,0.0
783,0.0
7795188,0.0
7774,0.0
77521,0.0
77381,0.0
7727,0.0
77251,0.0
77069,0.0
7704,0.0
77036,0.0
77002,0.0
770,0.0
7697,0.0
978,0.0
9800,0.0
affiliated,0.0
addresses,0.0
addressed,0.0
address,0.0
addr,0.0
additionally,0.0
additional,0.0
addition,0.0
added,0.0
add,0.0
adams,0.0
adam,0.0
actually,0.0
actual,0.0
activity,0.0
activities,0.0
actively,0.0
active,0.0
action,0.0
act,0.0
across,0.0
acres,0.0
acquisition,0.0
acquiring,0.0
acquaintance,0.0
acolpea,0.0
achilles,0.0
achievements,0.0
achieved,0.0
addressee,0.0
addressing,0.0
accurate,0.0
aden,0.0
affiliate,0.0
aegismtg,0.0
advocate,0.0
advlaser,0.0
advisory,0.0
advisor,0.0
advised,0.0
advise,0.0
advertising,0.0
adventures,0.0
adventis,0.0
advantage,0.0
advanced,0.0
advance,0.0
adult,0.0
adrian,0.0
adopter,0.0
admires,0.0
admiral,0.0
administrator,0.0
administration,0.0
adler,0.0
adleman,0.0
adjacent,0.0
adietz,0.0
adiaz,0.0
adhere,0.0
achieve,0.0
accounts,0.0
98004,0.0
abelt,0.0
abandoned,0.0
ab,0.0
aamir,0.0
aalkhay,0.0
aahanch,0.0
aa_tenantrequest,0.0
a0map,0.0
_english,0.0
_________________________________________________________________________,0.0
________________________________________________________________________,0.0
_______________________________________________________________,0.0
_______________________________________________________,0.0
______________________________________________________,0.0
________________________________________,0.0
____________________________________,0.0
_______________,0.0
______________,0.0
___,0.0
9thh,0.0
9th,0.0
9990,0.0
9961972,0.0
993,0.0
99,0.0
987,0.0
984,0.0
9804,0.0
abassis,0.0
aberger,0.0
account,0.0
ability,0.0
accordingly,0.0
accomplishments,0.0
accomplishment,0.0
accomplished,0.0
accompanying,0.0
accommodations,0.0
accommodate,0.0
accolade,0.0
accessible,0.0
access,0.0
accepted,0.0
acceptable,0.0
accept,0.0
acceleration,0.0
acarroll,0.0
acarlos,0.0
ac,0.0
abullrich,0.0
absolutely,0.0
abrown4,0.0
abroad,0.0
abreco,0.0
abraham,0.0
above,0.0
about,0.0
aborgatt,0.0
able,0.0
arquella,0.0
arranged,0.0
71,0.0
bmauritz,0.0
boethia,0.0
body,0.0
bobrow,0.0
boberg,0.0
bobbie,0.0
bob,0.0
boats,0.0
boatman,0.0
boardwalk,0.0
boards,0.0
boardroom,0.0
board,0.0
bneff2,0.0
bmatcha,0.0
arrangements,0.0
blvd,0.0
bluna,0.0
blumberg,0.0
blueprint,0.0
blue,0.0
blowout,0.0
blown,0.0
bloomberg,0.0
blockquote,0.0
block,0.0
blessings,0.0
blesie,0.0
blanket,0.0
bogle,0.0
bolivia,0.0
bolivian,0.0
bond,0.0
boxes,0.0
box,0.0
bowen,0.0
bourgeois,0.0
boundaries,0.0
boulevard,0.0
boudreaux,0.0
bouchard,0.0
bottom,0.0
bottle,0.0
both,0.0
bota,0.0
bot,0.0
boston,0.0
boss,0.0
bosporus,0.0
bosien,0.0
bos,0.0
border,0.0
boots,0.0
bootcamp,0.0
booked,0.0
book,0.0
bonnie,0.0
bonnard,0.0
bone,0.0
bonderman,0.0
blank,0.0
blanco,0.0
blake,0.0
bibi,0.0
bhogan,0.0
bhendon,0.0
bhayden,0.0
bhaufre,0.0
bhatt,0.0
bhatnagar,0.0
bgulyass,0.0
bglisan,0.0
bgarret,0.0
bg,0.0
bfreema,0.0
bfeschi,0.0
bfcat,0.0
beyond,0.0
beverly,0.0
beverages,0.0
between,0.0
betty,0.0
better,0.0
beth,0.0
betas1,0.0
beta,0.0
best,0.0
berta,0.0
bert,0.0
berryplastics,0.0
berry,0.0
bhull,0.0
bicycletexas,0.0
blaisdell,0.0
bid,0.0
blackwood,0.0
black,0.0
blachman,0.0
bkirby,0.0
bjordan,0.0
bitter,0.0
bite,0.0
bit,0.0
bios,0.0
biography,0.0
biocyte,0.0
bio_detail,0.0
bio,0.0
binky,0.0
binder,0.0
billymont,0.0
billy,0.0
billion,0.0
billed,0.0
bill_meehan,0.0
bill,0.0
bikes,0.0
bike,0.0
biggest,0.0
bigger,0.0
big,0.0
bierbach,0.0
boyce,0.0
bozcan,0.0
bp,0.0
burrell,0.0
burke,0.0
burgher,0.0
bureaucrats,0.0
bullrich,0.0
built,0.0
buildings,0.0
building,0.0
build,0.0
bui,0.0
buffet,0.0
buerger,0.0
buenrostro,0.0
buddy2,0.0
buddy1,0.0
buddy,0.0
bud,0.0
bucks,0.0
buchanan,0.0
bu,0.0
bth,0.0
bterp,0.0
bscholt,0.0
bs,0.0
bryan,0.0
brudy,0.0
bruce,0.0
browser,0.0
burns,0.0
burroughs,0.0
brown,0.0
business,0.0
cab,0.0
ca,0.0
c673ev,0.0
c1813,0.0
byu,0.0
byrd,0.0
by,0.0
bwillia4,0.0
bwax,0.0
bvotaw,0.0
bvascon,0.0
buying,0.0
buyers,0.0
buyer,0.0
butts,0.0
buttrey,0.0
button,0.0
buttheads,0.0
butler,0.0
but,0.0
busy,0.0
buster,0.0
bussiness,0.0
businessweek,0.0
businessmen,0.0
businessman,0.0
businesses,0.0
browne,0.0
brought,0.0
bpham2,0.0
brian,0.0
brent,0.0
brennan,0.0
brenda_f_herod,0.0
brenda,0.0
bremmer,0.0
bremer,0.0
brelsford,0.0
breakingnews,0.0
breakfasts,0.0
breakfast,0.0
break,0.0
brazil,0.0
brassfield,0.0
brannen,0.0
brandt,0.0
branded,0.0
brand,0.0
braly,0.0
brainstorming,0.0
brain,0.0
bradley,0.0
bradford,0.0
brad,0.0
brackett,0.0
bracepatt,0.0
br,0.0
bpiniero,0.0
brett,0.0
briar,0.0
brothers,0.0
bridge,0.0
brother,0.0
bromine,0.0
brokerage,0.0
broker,0.0
broken,0.0
brogers2,0.0
brochure,0.0
broadview,0.0
broadly,0.0
broader,0.0
broadcast,0.0
broadband,0.0
broad,0.0
britton,0.0
british,0.0
britannica,0.0
britaldo,0.0
brings,0.0
bringing,0.0
bring,0.0
brigham,0.0
briggs,0.0
briefly,0.0
briefing,0.0
brief,0.0
bridget,0.0
bridges,0.0
bernd,0.0
bernard,0.0
bernadette,0.0
austinventures,0.0
aurora,0.0
august,0.0
aug,0.0
audrey,0.0
audiences,0.0
audience,0.0
auctions,0.0
attribution,0.0
attracting,0.0
attract,0.0
attglobal,0.0
attention,0.0
attending,0.0
attendees,0.0
attended,0.0
attendance,0.0
attend,0.0
attempting,0.0
attempted,0.0
attempt,0.0
attachments,0.0
attachment,0.0
attaching,0.0
attached,0.0
att1,0.0
att,0.0
atm,0.0
austin,0.0
ausucua,0.0
atlantic,0.0
authorised,0.0
axis,0.0
awu3,0.0
awkward,0.0
awhile,0.0
awesome,0.0
away,0.0
awareness,0.0
aware,0.0
awards,0.0
award,0.0
awaiting,0.0
await,0.0
awais2,0.0
awais,0.0
avoid,0.0
avery,0.0
avenue,0.0
ave,0.0
availant,0.0
availability,0.0
av,0.0
automatically,0.0
automated,0.0
automate,0.0
autocorrective,0.0
authorized,0.0
authority,0.0
atlantis,0.0
atlanta,0.0
aything,0.0
aspect,0.0
asking,0.0
asked,0.0
ask,0.0
asistiendo,0.0
aside,0.0
asia,0.0
asi,0.0
asera,0.0
aschwarz,0.0
asap,0.0
asaler,0.0
asait,0.0
as,0.0
arusha,0.0
arts,0.0
artie,0.0
articleid,0.0
article,0.0
arthur_coppola,0.0
arthur,0.0
art,0.0
arrun,0.0
arriving,0.0
arrived,0.0
arrive,0.0
arriaga,0.0
arranging,0.0
asp,0.0
aspects,0.0
atlactic,0.0
aspen,0.0
athomas,0.0
at,0.0
astros,0.0
astro,0.0
astrazeneca,0.0
astramowicz,0.0
assure,0.0
assuming,0.0
association,0.0
associates,0.0
associated,0.0
associate,0.0
assisting,0.0
assisted,0.0
assistants,0.0
assistant,0.0
assistance,0.0
assist,0.0
assigned,0.0
assets,0.0
assessment,0.0
assessing,0.0
assess,0.0
assembled,0.0
assad,0.0
asps,0.0
aspirations,0.0
ay,0.0
azaremba,0.0
berlin,0.0
beginning,0.0
began,0.0
beforehand,0.0
before,0.0
beena,0.0
been,0.0
beek,0.0
beecham,0.0
becoming,0.0
becomes,0.0
become,0.0
becky,0.0
beck,0.0
bechtel,0.0
because,0.0
became,0.0
beautiful,0.0
beason,0.0
beard,0.0
beal,0.0
beaird,0.0
beacon,0.0
beach,0.0
be,0.0
bdornie,0.0
bcreigh,0.0
bcohen,0.0
bbs,0.0
begin,0.0
begins,0.0
bbradfo2,0.0
behalf,0.0
beringer,0.0
bergsieker,0.0
berberian,0.0
bensons3,0.0
benson,0.0
bennett,0.0
benjamin,0.0
benefits,0.0
benefit,0.0
beneficiary,0.0
beneficial,0.0
bend,0.0
ben,0.0
below,0.0
bellville,0.0
bellevue,0.0
beliveaux,0.0
believes,0.0
believe,0.0
belief,0.0
belden,0.0
belated,0.0
beixman,0.0
being,0.0
bein,0.0
behind,0.0
behave,0.0
bbrannen,0.0
bbraddo,0.0
azuela,0.0
banovio,0.0
bannantine,0.0
banks,0.0
banking,0.0
bankers,0.0
bank,0.0
bandwidth,0.0
band,0.0
bally,0.0
ballmer,0.0
ballentine,0.0
ball,0.0
bakert,0.0
bailey,0.0
bag,0.0
bae,0.0
badly,0.0
badge,0.0
baddour,0.0
badcock,0.0
bad,0.0
backwell,0.0
background,0.0
backed,0.0
back,0.0
baca,0.0
b2b,0.0
azurix,0.0
banner,0.0
banter,0.0
bblakel,0.0
barbara,0.0
bbates,0.0
baytown,0.0
bayou,0.0
bay,0.0
baxter,0.0
baumbach,0.0
battery,0.0
bathrooms,0.0
bathroom,0.0
bass,0.0
basketball,0.0
basis,0.0
basic,0.0
based,0.0
baseball,0.0
base,0.0
barton,0.0
bart,0.0
barsoum,0.0
barsky,0.0
barry,0.0
barrett,0.0
barnes,0.0
barnard,0.0
barker,0.0
barcus,0.0
barbee,0.0
7112,0.0
7082876,0.0
hectic,0.0
1075845521013,0.0
11335595,0.0
113,0.0
1117,0.0
111,0.0
11034258,0.0
110,0.0
11,0.0
10th,0.0
10billion,0.0
109,0.0
10898066,0.0
1075863610137,0.0
1075863610093,0.0
1075845520989,0.0
19906136,0.0
1075845520966,0.0
1075845520943,0.0
1075845520875,0.0
1075845520853,0.0
1075845520831,0.0
1075845520808,0.0
1075845520785,0.0
1075845520763,0.0
1075845520738,0.0
1075845520713,0.0
1075845520689,0.0
1075845520665,0.0
1075845520642,0.0
115,0.0
11542599,0.0
1155edallas,0.0
11598515,0.0
130,0.0
13,0.0
12th,0.0
12pt,0.0
128,0.0
126795,0.0
12643557,0.0
1262,0.0
125,0.0
1240,0.0
1234,0.0
12277849,0.0
12226510,0.0
122,0.0
12144280,0.0
1213248,0.0
12088104,0.0
12055248,0.0
1200,0.0
120,0.0
12,0.0
11th,0.0
11am,0.0
1188,0.0
118,0.0
1167,0.0
11648722,0.0
1075845520588,0.0
1075845520565,0.0
1075845520542,0.0
1075845519707,0.0
1075845519661,0.0
1075845519639,0.0
1075845519616,0.0
1075845519594,0.0
1075845519571,0.0
1075845519548,0.0
1075845519525,0.0
1075845519502,0.0
1075845519480,0.0
1075845519457,0.0
1075845519434,0.0
1075845519411,0.0
1075845519389,0.0
1075845519365,0.0
1075845519341,0.0
1075845519316,0.0
1075845519294,0.0
1075845519269,0.0
1075845519247,0.0
1075845519210,0.0
1075845519187,0.0
1075845519165,0.0
1075845519142,0.0
1075845519118,0.0
1075845519095,0.0
1075845519072,0.0
1075845519045,0.0
1075845519684,0.0
1075845519730,0.0
1075845520520,0.0
1075845519752,0.0
1075845520497,0.0
1075845520475,0.0
1075845520453,0.0
1075845520430,0.0
1075845520406,0.0
1075845520384,0.0
1075845520310,0.0
1075845520281,0.0
1075845520256,0.0
1075845520232,0.0
1075845520147,0.0
1075845520122,0.0
1075845520096,0.0
1075845520073,0.0
1075845520051,0.0
1075845520028,0.0
1075845520005,0.0
1075845519980,0.0
1075845519958,0.0
1075845519935,0.0
1075845519913,0.0
1075845519890,0.0
1075845519867,0.0
1075845519844,0.0
1075845519822,0.0
1075845519798,0.0
1075845519775,0.0
1300,0.0
13168804,0.0
1324,0.0
184,0.0
1816,0.0
18144972,0.0
18075465,0.0
18,0.0
17914465,0.0
17845671,0.0
17702568,0.0
177,0.0
17505903,0.0
1750,0.0
1744,0.0
17437869,0.0
173,0.0
17298388,0.0
17243985,0.0
17237217,0.0
17126955,0.0
171,0.0
17085870,0.0
17082728,0.0
17,0.0
16th,0.0
16979403,0.0
1693320,0.0
16667599,0.0
1665,0.0
1663208,0.0
18295343,0.0
18420483,0.0
166,0.0
18428408,0.0
199,0.0
19875121,0.0
19866530,0.0
1981,0.0
1980s,0.0
198,0.0
19797969,0.0
1976,0.0
1972,0.0
1970,0.0
1969,0.0
1968,0.0
1961,0.0
1956,0.0
1955,0.0
19416380,0.0
19287271,0.0
1919,0.0
190,0.0
19,0.0
18th,0.0
18951294,0.0
18861534,0.0
18727142,0.0
1872,0.0
18550934,0.0
18544571,0.0
16626707,0.0
16586133,0.0
13420065,0.0
1478,0.0
14605637,0.0
146,0.0
1452728,0.0
1442,0.0
14375743,0.0
14354856,0.0
14260217,0.0
1426,0.0
14236084,0.0
14227847,0.0
142,0.0
14168685,0.0
1415,0.0
141,0.0
1400,0.0
140,0.0
14,0.0
13th,0.0
139,0.0
13873677,0.0
13863997,0.0
13780502,0.0
13742035,0.0
1374,0.0
137,0.0
13663006,0.0
136,0.0
14763676,0.0
14874845,0.0
16513840,0.0
149,0.0
16456283,0.0
16216223,0.0
16179550,0.0
16031375,0.0
16,0.0
15th,0.0
15pm,0.0
15b,0.0
15am,0.0
15a,0.0
1596197,0.0
15949547,0.0
159,0.0
1586,0.0
15741942,0.0
15670774,0.0
155,0.0
15480426,0.0
15269321,0.0
152,0.0
150mm,0.0
1504,0.0
150,0.0
15,0.0
14th,0.0
14pt,0.0
14977391,0.0
1075845519022,0.0
1075845518999,0.0
1075845518975,0.0
1075840100823,0.0
1075840100773,0.0
1075840100751,0.0
1075840100706,0.0
1075840100682,0.0
1075840100660,0.0
1075840100637,0.0
1075840100611,0.0
1075840100588,0.0
1075840100564,0.0
1075840100542,0.0
1075840100519,0.0
1075840100496,0.0
1075840100473,0.0
1075840100443,0.0
1075840100417,0.0
1075840100395,0.0
1075840100372,0.0
1075840100350,0.0
1075840100327,0.0
1075840100281,0.0
1075840100237,0.0
1075840100214,0.0
1075840100190,0.0
1075840100163,0.0
1075840100139,0.0
1075840100115,0.0
1075840100091,0.0
1075840100797,0.0
1075840100845,0.0
1075840099977,0.0
1075840100868,0.0
1075840101515,0.0
1075840101492,0.0
1075840101448,0.0
1075840101426,0.0
1075840101403,0.0
1075840101380,0.0
1075840101356,0.0
1075840101333,0.0
1075840101309,0.0
1075840101286,0.0
1075840101261,0.0
1075840101238,0.0
1075840101216,0.0
1075840101194,0.0
1075840101170,0.0
1075840101147,0.0
1075840101124,0.0
1075840101102,0.0
1075840101079,0.0
1075840101057,0.0
1075840101028,0.0
1075840101006,0.0
1075840100981,0.0
1075840100958,0.0
1075840100935,0.0
1075840100913,0.0
1075840100890,0.0
1075840100038,0.0
1075840099954,0.0
1075840101563,0.0
07,0.0
06,0.0
05p,0.0
0590,0.0
058,0.0
0543,0.0
0500,0.0
05,0.0
04,0.0
0271,0.0
0237,0.0
02142,0.0
02110,0.0
0202,0.0
02,0.0
01v,0.0
018,0.0
0145,0.0
012301ene,0.0
0119,0.0
0110,0.0
011,0.0
01,0.0
00pm,0.0
00p,0.0
00am,0.0
00a,0.0
0059,0.0
063,0.0
0754,0.0
1075840099910,0.0
08,0.0
1075840099880,0.0
1075840099832,0.0
1075840099809,0.0
1075840099786,0.0
1075840099764,0.0
1075840099740,0.0
1073441,0.0
1073,0.0
10708849,0.0
10648662,0.0
1054,0.0
105,0.0
104,0.0
10231596,0.0
100mbps,0.0
10037029,0.0
10033673,0.0
10019,0.0
10017,0.0
1000,0.0
100,0.0
10,0.0
09from,0.0
0970,0.0
095,0.0
09,0.0
0800,0.0
1075840101538,0.0
1075840101587,0.0
1075845518951,0.0
1075845518262,0.0
1075845518215,0.0
1075845518150,0.0
1075845518126,0.0
1075845518104,0.0
1075845518081,0.0
1075845518059,0.0
1075845518037,0.0
1075845518015,0.0
1075845517990,0.0
1075845517966,0.0
1075845517942,0.0
1075845517919,0.0
1075845517896,0.0
1075845517874,0.0
1075845517851,0.0
1075845517828,0.0
1075845517805,0.0
1075845517783,0.0
1075845517761,0.0
1075845517739,0.0
1075845517711,0.0
1075845517688,0.0
1075845517666,0.0
1075845517643,0.0
1075845517620,0.0
1075840103300,0.0
1075840103278,0.0
1075845518238,0.0
1075845518284,0.0
1075840103153,0.0
1075845518307,0.0
1075845518928,0.0
1075845518904,0.0
1075845518882,0.0
1075845518860,0.0
1075845518837,0.0
1075845518814,0.0
1075845518791,0.0
1075845518769,0.0
1075845518746,0.0
1075845518724,0.0
1075845518700,0.0
1075845518678,0.0
1075845518655,0.0
1075845518632,0.0
1075845518605,0.0
1075845518583,0.0
1075845518561,0.0
1075845518539,0.0
1075845518517,0.0
1075845518494,0.0
1075845518471,0.0
1075845518448,0.0
1075845518425,0.0
1075845518400,0.0
1075845518378,0.0
1075845518355,0.0
1075845518332,0.0
1075840103179,0.0
1075840103129,0.0
1075840101610,0.0
1075840102296,0.0
1075840102251,0.0
1075840102229,0.0
1075840102206,0.0
1075840102178,0.0
1075840102156,0.0
1075840102133,0.0
1075840102110,0.0
1075840102087,0.0
1075840102065,0.0
1075840102041,0.0
1075840102015,0.0
1075840101987,0.0
1075840101965,0.0
1075840101942,0.0
1075840101920,0.0
1075840101897,0.0
1075840101875,0.0
1075840101852,0.0
1075840101830,0.0
1075840101807,0.0
1075840101784,0.0
1075840101747,0.0
1075840101724,0.0
1075840101701,0.0
1075840101677,0.0
1075840101655,0.0
1075840101632,0.0
1075840102274,0.0
1075840102319,0.0
1075840103103,0.0
1075840102341,0.0
1075840103079,0.0
1075840103055,0.0
1075840103030,0.0
1075840102984,0.0
1075840102961,0.0
1075840102939,0.0
1075840102916,0.0
1075840102893,0.0
1075840102868,0.0
1075840102846,0.0
1075840102822,0.0
1075840102791,0.0
1075840102760,0.0
1075840102728,0.0
1075840102705,0.0
1075840102681,0.0
1075840102658,0.0
1075840102626,0.0
1075840102604,0.0
1075840102581,0.0
1075840102559,0.0
1075840102535,0.0
1075840102479,0.0
1075840102457,0.0
1075840102420,0.0
1075840102387,0.0
1075840102364,0.0
1990,0.0
1993,0.0
7065303,0.0
4356,0.0
4513,0.0
450mm,0.0
4500574,0.0
4500,0.0
45,0.0
4485,0.0
44741,0.0
4467401,0.0
4460,0.0
446,0.0
441,0.0
44,0.0
439,0.0
435,0.0
19931502,0.0
430pm,0.0
43,0.0
4285,0.0
4271,0.0
426,0.0
425,0.0
424,0.0
423,0.0
4218,0.0
421,0.0
4201,0.0
42,0.0
4188490,0.0
4514,0.0
4537,0.0
4537813,0.0
456,0.0
4931,0.0
493,0.0
4923738,0.0
492,0.0
49,0.0
488,0.0
4848,0.0
4840,0.0
484,0.0
483,0.0
482,0.0
4809474,0.0
48,0.0
478,0.0
4770,0.0
476,0.0
47,0.0
469,0.0
4689511,0.0
466,0.0
4656,0.0
465,0.0
4641729,0.0
461,0.0
46,0.0
45pm,0.0
4591866,0.0
417,0.0
4160260,0.0
416,0.0
374,0.0
373,0.0
3725,0.0
3713,0.0
37117,0.0
371,0.0
37,0.0
3673,0.0
3661289,0.0
3622076,0.0
36,0.0
359,0.0
3552,0.0
355,0.0
35274,0.0
350mm,0.0
350,0.0
35,0.0
34915668615,0.0
3459,0.0
345,0.0
344,0.0
3432,0.0
3413,0.0
34,0.0
3393419,0.0
337,0.0
3354,0.0
3734361,0.0
375,0.0
415,0.0
3756026,0.0
41,0.0
40th,0.0
4051526,0.0
403,0.0
402,0.0
400,0.0
40,0.0
3rd,0.0
3pm,0.0
3d2231,0.0
3d20727,0.0
3d,0.0
3com,0.0
3am,0.0
3ac3120,0.0
3980,0.0
3959,0.0
392,0.0
39,0.0
386,0.0
383,0.0
3800,0.0
38,0.0
3797359,0.0
378,0.0
3771,0.0
3764174,0.0
4931467,0.0
498,0.0
4997,0.0
658,0.0
655,0.0
654,0.0
6530874,0.0
6527,0.0
6522,0.0
652,0.0
6511721,0.0
651,0.0
650,0.0
65,0.0
6498,0.0
6486071,0.0
646,0.0
641,0.0
64,0.0
6364,0.0
6314782,0.0
63,0.0
6299455,0.0
628,0.0
6259,0.0
621,0.0
62,0.0
6193,0.0
617,0.0
6161,0.0
6143812794561216,0.0
6569,0.0
660000,0.0
610,0.0
661,0.0
700,0.0
70,0.0
6th,0.0
6pm,0.0
698,0.0
696,0.0
690,0.0
69,0.0
6894,0.0
689,0.0
6863,0.0
680,0.0
68,0.0
6788242,0.0
678,0.0
6768057,0.0
6767,0.0
67579,0.0
675,0.0
674,0.0
6731,0.0
6724,0.0
6693,0.0
668,0.0
6659479,0.0
665,0.0
6635,0.0
6117,0.0
61,0.0
49c1,0.0
5479058,0.0
5408,0.0
54,0.0
539,0.0
5365,0.0
53,0.0
529,0.0
5282041,0.0
5267983,0.0
524,0.0
5227,0.0
521,0.0
52,0.0
5173,0.0
5150670,0.0
512,0.0
510,0.0
51,0.0
50th,0.0
503,0.0
5007,0.0
5000,0.0
500,0.0
50,0.0
4th,0.0
4sap,0.0
4rx,0.0
4pm,0.0
5459,0.0
55,0.0
6084,0.0
550,0.0
60606,0.0
6030,0.0
603,0.0
6007,0.0
6000,0.0
60,0.0
5th,0.0
5mm,0.0
5998,0.0
5984,0.0
5946,0.0
59,0.0
5825,0.0
5801,0.0
58,0.0
578,0.0
5746,0.0
5745,0.0
5736,0.0
57,0.0
5646,0.0
562,0.0
56,0.0
5597,0.0
5553,0.0
5525,0.0
551,0.0
33469028,0.0
33431078,0.0
3334,0.0
24th,0.0
24755311,0.0
24372061,0.0
24335874,0.0
243,0.0
24228422,0.0
24156296,0.0
24151781,0.0
24071392,0.0
240,0.0
24,0.0
23rd,0.0
239,0.0
238,0.0
23799679,0.0
23714420,0.0
237,0.0
23691655,0.0
23527324,0.0
23514719,0.0
234,0.0
23338365,0.0
233,0.0
23229910,0.0
23082629,0.0
2304083,0.0
230,0.0
23,0.0
24981302,0.0
25,0.0
22773455,0.0
250,0.0
26291167,0.0
26273456,0.0
2626,0.0
26245299,0.0
2609,0.0
26079317,0.0
2605,0.0
2604,0.0
2603,0.0
26,0.0
25th,0.0
2599,0.0
25937938,0.0
25916056,0.0
25831799,0.0
2576,0.0
25717300,0.0
257,0.0
25530565,0.0
255,0.0
25364383,0.0
252,0.0
25162373,0.0
25132571,0.0
25054444,0.0
25003881,0.0
2500,0.0
22819062,0.0
227,0.0
26374773,0.0
211,0.0
21007146,0.0
21,0.0
20th,0.0
2097,0.0
20929071,0.0
20827989,0.0
208,0.0
2078239871,0.0
207,0.0
20589207,0.0
2050,0.0
205,0.0
203,0.0
202,0.0
2019,0.0
201,0.0
2002,0.0
2001,0.0
200,0.0
20,0.0
1st,0.0
1999,0.0
1997,0.0
19964220,0.0
1996,0.0
1995,0.0
19943439,0.0
2104685,0.0
21114792,0.0
22690450,0.0
21166924,0.0
22594487,0.0
22406059,0.0
224,0.0
2238,0.0
22348197,0.0
22279832,0.0
2227,0.0
22,0.0
21st,0.0
21933483,0.0
21833410,0.0
21792802,0.0
21790187,0.0
21711674,0.0
21541490,0.0
21539046,0.0
215,0.0
21499761,0.0
21447570,0.0
2144034,0.0
21402852,0.0
214,0.0
213,0.0
21297969,0.0
212058,0.0
21204414,0.0
212,0.0
26323460,0.0
26479240,0.0
33313550,0.0
31222429,0.0
31173113,0.0
3112,0.0
31107726,0.0
31,0.0
30th,0.0
30pm,0.0
30am,0.0
30985423,0.0
30971887,0.0
30891014,0.0
30888887,0.0
30870185,0.0
30847049,0.0
3084,0.0
30802611,0.0
30791525,0.0
3075,0.0
3061499,0.0
306,0.0
30578194,0.0
30507140,0.0
30445833,0.0
30387575,0.0
30385076,0.0
302,0.0
30171465,0.0
30149291,0.0
312,0.0
31240040,0.0
3009,0.0
31332513,0.0
33305700,0.0
33224625,0.0
3311,0.0
33046724,0.0
330,0.0
33,0.0
32751,0.0
3250,0.0
324,0.0
32386728,0.0
32370023,0.0
32317537,0.0
3216747,0.0
32017535,0.0
318,0.0
31746039,0.0
31702966,0.0
31691786,0.0
31683206,0.0
31653,0.0
31636903,0.0
31622990,0.0
316,0.0
31592668,0.0
3157493,0.0
31391353,0.0
31368066,0.0
30092,0.0
30021687,0.0
26602050,0.0
287030,0.0
2858,0.0
28497836,0.0
28304480,0.0
28261019,0.0
2820,0.0
281,0.0
28,0.0
27th,0.0
27884592,0.0
27816859,0.0
27813000,0.0
27812436,0.0
2776,0.0
27701542,0.0
27621652,0.0
27611385,0.0
27608229,0.0
273,0.0
2717,0.0
27124097,0.0
27104945,0.0
2700,0.0
27,0.0
26981540,0.0
2696588,0.0
26962421,0.0
26768024,0.0
2859203,0.0
28740984,0.0
30005,0.0
28770364,0.0
300,0.0
30,0.0
2onesource,0.0
2nd,0.0
2m8,0.0
2c,0.0
299085,0.0
29852661,0.0
2966,0.0
296,0.0
29525271,0.0
29503365,0.0
295,0.0
29404618,0.0
2940,0.0
293,0.0
2923702,0.0
29218586,0.0
291,0.0
29059689,0.0
2900,0.0
290,0.0
29,0.0
28th,0.0
2894,0.0
28914982,0.0
28850546,0.0
cabo,0.0
cadbury,0.0
cadena,0.0
exclusive,0.0
expectations,0.0
expect,0.0
expansion,0.0
exp,0.0
exit,0.0
exists,0.0
existing,0.0
exercise,0.0
executives,0.0
executive,0.0
execution,0.0
execute,0.0
exec,0.0
exclude,0.0
flash,0.0
exciting,0.0
excited,0.0
exchanges,0.0
exchange,0.0
excessive,0.0
excess,0.0
exceptions,0.0
exceptional,0.0
exception,0.0
except,0.0
excellent,0.0
excellence,0.0
excelergy,0.0
expected,0.0
expecting,0.0
expedite,0.0
expense,0.0
extend,0.0
ext,0.0
expressed,0.0
express,0.0
exposure,0.0
expose,0.0
exploring,0.0
explored,0.0
explore,0.0
exploration,0.0
exploited,0.0
exploit,0.0
explanatory,0.0
explains,0.0
explaining,0.0
explain,0.0
expire,0.0
expiration,0.0
experts,0.0
expertise,0.0
expert,0.0
experiencing,0.0
experiences,0.0
experienced,0.0
experience,0.0
expensive,0.0
expenses,0.0
exceed,0.0
examples,0.0
example,0.0
eu,0.0
eteor,0.0
etellec,0.0
etc,0.0
et,0.0
estrada,0.0
estimated,0.0
estimate,0.0
esther,0.0
estate,0.0
estaran,0.0
establishment,0.0
established,0.0
establish,0.0
est,0.0
especially,0.0
esourcing,0.0
eskridge,0.0
esimpso,0.0
eshim,0.0
eservice,0.0
escott,0.0
eschult,0.0
escamilla,0.0
esc4,0.0
es,0.0
erwin,0.0
error,0.0
ethink,0.0
eudoramail,0.0
exactly,0.0
euenronxgate,0.0
exact,0.0
ex,0.0
eworldtradex,0.0
ewood,0.0
ewc,0.0
evp,0.0
evl,0.0
everything,0.0
everyone,0.0
everyday,0.0
every,0.0
everett_plante,0.0
everbach,0.0
ever,0.0
events,0.0
event,0.0
evening,0.0
even,0.0
evaluating,0.0
evaluate,0.0
eva,0.0
ev1,0.0
european,0.0
europe,0.0
eurasiagroup,0.0
eurasia,0.0
eugene,0.0
extended,0.0
extending,0.0
extension,0.0
fills,0.0
fill,0.0
files,0.0
file,0.0
figured,0.0
figure,0.0
fighting,0.0
fifth,0.0
field,0.0
fidelity,0.0
fiber,0.0
fgt,0.0
fgarcia,0.0
ffarhan,0.0
few,0.0
festivities,0.0
ferrell,0.0
ferrari,0.0
fernando,0.0
fenstad,0.0
fempartners,0.0
felt,0.0
fellow,0.0
felipers,0.0
felipe,0.0
feliciag,0.0
felicia,0.0
fees,0.0
filling,0.0
final,0.0
feeder,0.0
finalists,0.0
fl,0.0
fkarbar,0.0
fixed,0.0
five,0.0
fitzpatrick,0.0
fitzgerald,0.0
fitz,0.0
fit,0.0
fishing,0.0
fisher,0.0
firstconf,0.0
first,0.0
firms,0.0
firm,0.0
fired,0.0
fiona,0.0
finished,0.0
finish,0.0
fine,0.0
finding,0.0
find,0.0
financing,0.0
financial,0.0
finances,0.0
finance,0.0
finally,0.0
finalize,0.0
feel,0.0
feedback,0.0
extent,0.0
familiar,0.0
fall,0.0
faldyn,0.0
falcon,0.0
faithfully,0.0
fairly,0.0
fairhill,0.0
fair,0.0
failure,0.0
fahad,0.0
facto,0.0
faction,0.0
fact,0.0
facing,0.0
facility,0.0
facilities,0.0
facilitating,0.0
facilitate,0.0
face,0.0
fabozzi,0.0
fabiani,0.0
fabian,0.0
fab,0.0
exxonmobil,0.0
extremely,0.0
extraordinary,0.0
externality,0.0
external,0.0
fallon,0.0
families,0.0
fee,0.0
family,0.0
fedex,0.0
federico,0.0
federation,0.0
federal,0.0
fed,0.0
february,0.0
feb,0.0
features,0.0
featured,0.0
feasible,0.0
fcpa,0.0
fcohaga,0.0
fcasamento,0.0
fbunjam,0.0
fayetteville,0.0
fax,0.0
favorite,0.0
favor,0.0
father,0.0
fastow,0.0
faster,0.0
fast,0.0
fash,0.0
farm,0.0
farewell,0.0
far,0.0
fantastic,0.0
ernesto,0.0
ermak,0.0
erice2,0.0
ed,0.0
ecross2,0.0
economy,0.0
economics,0.0
econfiguration,0.0
ecompany,0.0
ecommerce,0.0
ecoats,0.0
eci,0.0
echols,0.0
ecc,0.0
ec,0.0
ebusiness,0.0
ebs,0.0
ebetzer,0.0
ebess,0.0
ebass,0.0
eb50m,0.0
eb5008,0.0
eb5007,0.0
eb4505,0.0
eb2414,0.0
eb2365c,0.0
eb2336b,0.0
eb1864c,0.0
eb,0.0
easy,0.0
eastern,0.0
ect,0.0
edf,0.0
east,0.0
edge,0.0
ehowley,0.0
ehokmar,0.0
eharris,0.0
ehamb,0.0
egroups,0.0
egore,0.0
egant,0.0
efraser,0.0
efforts,0.0
effort,0.0
efficiently,0.0
effectively,0.0
effective,0.0
effect,0.0
eeverett,0.0
ees,0.0
edward,0.0
education,0.0
eduardo,0.0
edu,0.0
edt,0.0
editor,0.0
editing,0.0
edit,0.0
edial800,0.0
edial,0.0
edi,0.0
easter,0.0
easier,0.0
ehud,0.0
dubin,0.0
dthames,0.0
dterlip,0.0
dt,0.0
dsmorris,0.0
dsjmorris,0.0
dsewell,0.0
dsander3,0.0
ds,0.0
drywall,0.0
dropped,0.0
drop,0.0
dro,0.0
driving,0.0
driven,0.0
drive,0.0
drinks,0.0
drink,0.0
dries,0.0
driddle,0.0
dreyfus,0.0
drew_fossum,0.0
drew,0.0
dressed,0.0
dreck,0.0
dream,0.0
dreadin,0.0
dread,0.0
dtran,0.0
dublin,0.0
earthquake,0.0
ducati,0.0
earthlink,0.0
earning,0.0
earned,0.0
early,0.0
earliest,0.0
earlier,0.0
earl,0.0
eams,0.0
eallward,0.0
eager,0.0
each,0.0
e_cure,0.0
dyuan,0.0
dynamic,0.0
dwindle,0.0
dvoorhe,0.0
dutt,0.0
dutch,0.0
during,0.0
duran,0.0
dupree,0.0
duped,0.0
duncan,0.0
duke,0.0
duffey,0.0
due,0.0
dudley,0.0
ehshouston,0.0
ei,0.0
erica,0.0
entering,0.0
enter,0.0
ensure,0.0
enronxgate,0.0
enrononline,0.0
enronl,0.0
enron_development,0.0
enrollment,0.0
enough,0.0
enlistees,0.0
enjoying,0.0
enjoyed,0.0
enjoy,0.0
enhancing,0.0
enhancement,0.0
enhanced,0.0
english,0.0
engineers,0.0
engine,0.0
engage,0.0
enersis,0.0
energyspectrum,0.0
energy,0.0
energis,0.0
energies,0.0
enemies,0.0
ene,0.0
endowments,0.0
entered,0.0
enterprise,0.0
endo,0.0
entersysgroup,0.0
eric_salo,0.0
eric,0.0
erelationship,0.0
erehab,0.0
erainer,0.0
equity,0.0
equipment,0.0
equally,0.0
epsilon,0.0
epsc,0.0
epic,0.0
epeders,0.0
epao,0.0
eott,0.0
enzo,0.0
environment,0.0
envious,0.0
envied,0.0
envelope,0.0
entry,0.0
entrepreneurship,0.0
entrances,0.0
entity,0.0
entitled,0.0
entire,0.0
entertainment,0.0
entertain,0.0
endorsement,0.0
endesa,0.0
eichmann,0.0
emarketplaces,0.0
elzie,0.0
elvis,0.0
elsewhere,0.0
else,0.0
elrodpdx,0.0
ellison,0.0
elliott,0.0
elliot,0.0
elkins,0.0
elizabeth,0.0
elio,0.0
eliminate,0.0
eleydic,0.0
eleven,0.0
elena,0.0
elementis,0.0
elektrobolt,0.0
electronic,0.0
electricity,0.0
electric,0.0
electr,0.0
elected,0.0
elaine,0.0
el,0.0
either,0.0
eisner,0.0
eight,0.0
email,0.0
emason,0.0
endeavor,0.0
embedded,0.0
end,0.0
encyclopedia,0.0
encouraging,0.0
encourage,0.0
encounter,0.0
enclosed,0.0
enap,0.0
enabling,0.0
enables,0.0
enablement,0.0
enable,0.0
en,0.0
empowerment,0.0
empowering,0.0
emplyee,0.0
employment,0.0
employer,0.0
employees,0.0
employee,0.0
employed,0.0
emphasize,0.0
emphasis,0.0
emilio,0.0
emerging,0.0
emergency,0.0
emelvin,0.0
emccart,0.0
flalji,0.0
flat,0.0
caffey,0.0
grand,0.0
greenberg,0.0
green,0.0
greatly,0.0
greatest,0.0
greater,0.0
great,0.0
grcs,0.0
gray,0.0
graves,0.0
grateful,0.0
granted,0.0
grant,0.0
grange,0.0
gramm,0.0
flattered,0.0
gramke,0.0
grainger,0.0
grain,0.0
graham,0.0
graduates,0.0
graduate,0.0
grads,0.0
grade,0.0
grab,0.0
gpgfin,0.0
gpenman,0.0
gp,0.0
governor,0.0
greenwich,0.0
greer,0.0
greetings,0.0
gregory,0.0
gsohoni,0.0
gs,0.0
gryphon,0.0
grwhit,0.0
grumbles,0.0
grubbs,0.0
growth,0.0
growing,0.0
grow,0.0
grover,0.0
groups,0.0
group,0.0
grotto,0.0
gross,0.0
groscrand,0.0
gronvold,0.0
grodrigu,0.0
grizzle,0.0
grisela,0.0
grins,0.0
grille,0.0
griffin,0.0
grid,0.0
grice,0.0
greylock,0.0
grew,0.0
greiner,0.0
governments,0.0
government,0.0
gov,0.0
goals,0.0
go,0.0
gmonroy,0.0
gmat,0.0
gmarti2,0.0
gmarmol,0.0
gmargai,0.0
gmaisas,0.0
gmagee,0.0
gloria,0.0
globenetwork,0.0
globe,0.0
global,0.0
glisan,0.0
glidewell,0.0
glenn,0.0
glen,0.0
glchan,0.0
glass,0.0
gladbrook,0.0
glad,0.0
glaas,0.0
gkoutani,0.0
gkoepke,0.0
gjunque,0.0
gjohnson,0.0
giving,0.0
gives,0.0
goal,0.0
goddard,0.0
gourley,0.0
goes,0.0
goughary,0.0
gotten,0.0
got,0.0
gosalia,0.0
gorte,0.0
gorkhan,0.0
gore,0.0
gordon,0.0
goodwill,0.0
goods,0.0
goodpasture,0.0
goodie,0.0
good,0.0
gonzalez,0.0
gonzales,0.0
gone,0.0
gomez,0.0
golfnbud,0.0
golfing,0.0
golfer,0.0
golf,0.0
goldman,0.0
golden,0.0
gold,0.0
going,0.0
goiac,0.0
goh,0.0
gsolber,0.0
gsurowi,0.0
gte,0.0
haynes,0.0
hayes,0.0
hawkins,0.0
having,0.0
haven,0.0
have,0.0
haulenbeek,0.0
haul,0.0
haug,0.0
hats,0.0
hate,0.0
hatching,0.0
hat,0.0
has,0.0
harvey,0.0
harvardclubofhouston,0.0
harvardclub,0.0
harvard,0.0
harv,0.0
harry,0.0
harris,0.0
harriman,0.0
harp,0.0
harold,0.0
harman,0.0
harig,0.0
hargrove,0.0
hargrave,0.0
haymarket,0.0
haynesintl,0.0
hardhats,0.0
hayslett,0.0
hebert,0.0
heavy,0.0
heathman,0.0
heather,0.0
heart,0.0
hearing,0.0
heard,0.0
hear,0.0
healthcare,0.0
healing,0.0
heads,0.0
headquarters,0.0
000,0.0
headline,0.0
heading,0.0
header,0.0
headcount,0.0
head,0.0
he,0.0
hcubill,0.0
hcampos,0.0
hbuchan,0.0
hbucalo,0.0
hbshouston,0.0
hbs,0.0
hbrown,0.0
haythornthwaite,0.0
hardware,0.0
hardhat,0.0
gtripp,0.0
had,0.0
h2,0.0
h1,0.0
h01,0.0
gzivic,0.0
gzimmer,0.0
gwhipple,0.0
gwen,0.0
gvanmar,0.0
guys,0.0
guy,0.0
gutierrez,0.0
gurunath,0.0
gurunal,0.0
gupta,0.0
guilty,0.0
guidroz,0.0
guides,0.0
guided,0.0
guidance,0.0
guests,0.0
guest,0.0
guess,0.0
guerriero,0.0
guard,0.0
guaranteed,0.0
guarantee,0.0
guage,0.0
haack,0.0
haedicke,0.0
hardeman,0.0
haggerty,0.0
hard,0.0
harbert,0.0
harassment,0.0
happy,0.0
happened,0.0
happen,0.0
hans,0.0
hannon,0.0
hang,0.0
handy,0.0
handwriting,0.0
handshohl,0.0
handling,0.0
hand,0.0
hancock,0.0
han,0.0
hammer,0.0
hamish,0.0
hamilton,0.0
hamd,0.0
halstead,0.0
halon2,0.0
halloween,0.0
hallmark,0.0
half,0.0
hal,0.0
hailey,0.0
given,0.0
give,0.0
giselle,0.0
frazier,0.0
franz,0.0
franks,0.0
frankly,0.0
franklin,0.0
frank,0.0
francis,0.0
franchise,0.0
frances,0.0
france,0.0
fran,0.0
framework,0.0
frame,0.0
foy,0.0
fox,0.0
fowler,0.0
foust,0.0
fourth,0.0
four,0.0
fountat,0.0
founding,0.0
founders,0.0
founder,0.0
founded,0.0
foundations,0.0
foundation,0.0
found,0.0
forwarding,0.0
fraser,0.0
fred,0.0
forward,0.0
fredinvt,0.0
fully,0.0
fullerton,0.0
full,0.0
fuelquest,0.0
ftr,0.0
ftc,0.0
fry,0.0
frost,0.0
front,0.0
from2,0.0
frm_id,0.0
frison,0.0
friendship,0.0
friends,0.0
friendly,0.0
friend,0.0
friedman,0.0
fridays,0.0
fri,0.0
frevert,0.0
freshman,0.0
frequent,0.0
frelsburg,0.0
freetrial,0.0
freeman,0.0
freeh,0.0
free,0.0
forwarded,0.0
forum,0.0
fun,0.0
following,0.0
follow,0.0
folks,0.0
fogo,0.0
fogel,0.0
focusing,0.0
focuses,0.0
focused,0.0
focus,0.0
fms2000,0.0
fms,0.0
fmlo,0.0
fm,0.0
fly,0.0
flows,0.0
flowers,0.0
flow,0.0
flores,0.0
floor,0.0
flkester,0.0
flight,0.0
flexible,0.0
flexibility,0.0
flexable,0.0
fleming,0.0
fleisher,0.0
fledgling,0.0
flavia,0.0
followed,0.0
follows,0.0
fortunately,0.0
fondly,0.0
forth,0.0
forster,0.0
formulate,0.0
forms,0.0
formerly,0.0
former,0.0
formed,0.0
format,0.0
formal,0.0
form,0.0
forgot,0.0
forget,0.0
forever,0.0
forest,0.0
foreseeable,0.0
foresee,0.0
foremost,0.0
foreign,0.0
fordham,0.0
ford,0.0
force,0.0
forbidden,0.0
football,0.0
fool,0.0
food,0.0
fontaine,0.0
font,0.0
fulton,0.0
function,0.0
giridharadas,0.0
georgeanne,0.0
geographies,0.0
geoff,0.0
gentlemen,0.0
gentleman,0.0
gentle,0.0
gensler,0.0
genesis,0.0
genertor,0.0
generous,0.0
generation,0.0
generatio,0.0
generate,0.0
generally,0.0
general,0.0
gener,0.0
gene,0.0
gehle,0.0
geheb,0.0
gebhardt,0.0
gearhart,0.0
geared,0.0
ge,0.0
gdubin,0.0
gco,0.0
gcarant,0.0
gcalver,0.0
gca,0.0
george,0.0
georgia,0.0
gbabbar,0.0
gerald,0.0
gipson,0.0
giovannini,0.0
ginger,0.0
ginam,0.0
gilson,0.0
gillespie,0.0
gilchrist,0.0
gil,0.0
gifts,0.0
gift,0.0
gif,0.0
gibson,0.0
gibner,0.0
gibbs,0.0
ghoshr,0.0
ghosh,0.0
ghosei,0.0
ghancock,0.0
ggupta,0.0
getting,0.0
gets,0.0
get,0.0
gerstner,0.0
gerry,0.0
germany,0.0
germans,0.0
geriann,0.0
gbenite,0.0
gazprom,0.0
functional,0.0
gained,0.0
gailg,0.0
gail,0.0
gadade,0.0
ga,0.0
g2000,0.0
fzoes,0.0
fzci,0.0
fyi,0.0
fx,0.0
fwd,0.0
fw,0.0
futures,0.0
future,0.0
further,0.0
furnished,0.0
furnish,0.0
furnas,0.0
furches,0.0
funeral,0.0
funds,0.0
fundraising,0.0
funding,0.0
fundamentally,0.0
fundamental,0.0
fund,0.0
functions,0.0
functionality,0.0
gain,0.0
gala,0.0
gauge,0.0
gallagher,0.0
gatorbikeride,0.0
gator,0.0
gathmann,0.0
gathering,0.0
gathered,0.0
gather,0.0
gateway,0.0
gates,0.0
gasplant,0.0
gas,0.0
garza,0.0
gary_pinkus,0.0
gary,0.0
gartner,0.0
garrison,0.0
garrett_ashmore,0.0
garner,0.0
gardiner,0.0
garde,0.0
garcia,0.0
garage,0.0
gap,0.0
gammaconstruction,0.0
games,0.0
gama,0.0
galloway,0.0
galleria,0.0
drayton,0.0
draws,0.0
drama,0.0
collapsed,0.0
combine,0.0
column,0.0
columbus,0.0
colorado,0.0
color,0.0
colony,0.0
collonges,0.0
collins,0.0
collectively,0.0
collecting,0.0
collected,0.0
collect,0.0
colleague,0.0
collaboration,0.0
draft,0.0
colin,0.0
cole,0.0
colder,0.0
colaborative,0.0
cola,0.0
cogentco,0.0
cogent,0.0
coffee,0.0
coe,0.0
code,0.0
cockrell,0.0
cochoa,0.0
coca,0.0
combined,0.0
come,0.0
comeau,0.0
comes,0.0
companion,0.0
companies,0.0
comotion,0.0
community,0.0
communities,0.0
communications,0.0
communication,0.0
communicating,0.0
communicated,0.0
communicate,0.0
communcations,0.0
commodity,0.0
commodities,0.0
committees,0.0
committee,0.0
committed,0.0
commitments,0.0
commitment,0.0
commit,0.0
commissioner,0.0
commercial,0.0
commerce,0.0
comments,0.0
comment,0.0
comme,0.0
coming,0.0
comfortable,0.0
coburn,0.0
cobblestone,0.0
cobb,0.0
click,0.0
clemmons,0.0
clementz,0.0
clementina,0.0
clement,0.0
clebleu,0.0
clearly,0.0
cleared,0.0
clear,0.0
cleaning,0.0
cleanairchallenge,0.0
clean,0.0
clay_harris,0.0
clay,0.0
clau,0.0
class,0.0
clarke,0.0
clark,0.0
clarification,0.0
clandry,0.0
clandestine,0.0
claimed,0.0
cl,0.0
ckvorni,0.0
ckchew,0.0
cjackso,0.0
city,0.0
citizens,0.0
clendenin,0.0
click2learn,0.0
coats,0.0
clicking,0.0
coastalcor,0.0
coast,0.0
coalition,0.0
coach,0.0
co,0.0
cmiller,0.0
cmi,0.0
cmetz,0.0
cmallor,0.0
clyatt,0.0
club,0.0
closer,0.0
closed,0.0
close,0.0
clogging,0.0
cloehr,0.0
clipping,0.0
clip,0.0
clint,0.0
cline,0.0
climb,0.0
climate,0.0
clifford,0.0
cliff,0.0
clients,0.0
client,0.0
clickpaper,0.0
company,0.0
compaq,0.0
compare,0.0
contain,0.0
contacting,0.0
contacted,0.0
contactar,0.0
contact,0.0
consumer,0.0
consulting,0.0
consultants,0.0
consultant,0.0
consultancy,0.0
consultancies,0.0
construction,0.0
constraint,0.0
constant,0.0
constance,0.0
consistent,0.0
considertion,0.0
considering,0.0
consideration,0.0
considerable,0.0
consider,0.0
conservative,0.0
conservation,0.0
consent,0.0
consensus,0.0
conoco,0.0
connor,0.0
connie,0.0
contacts,0.0
contained,0.0
connections,0.0
containing,0.0
cooper,0.0
cooney,0.0
cooley,0.0
cooler,0.0
cooking,0.0
coo,0.0
convinced,0.0
conveyed,0.0
conversion,0.0
conversation,0.0
convenient,0.0
convenience,0.0
controversial,0.0
contributions,0.0
contribution,0.0
contributing,0.0
contribute,0.0
continuous,0.0
continuing,0.0
continued,0.0
continue,0.0
contingent,0.0
continental,0.0
contents,0.0
contender,0.0
contemporary,0.0
contains,0.0
connell,0.0
connection,0.0
compass,0.0
concerns,0.0
concerned,0.0
concepts,0.0
concept,0.0
computerworld,0.0
computer,0.0
compton,0.0
comprehensive,0.0
composite,0.0
composed,0.0
components,0.0
component,0.0
compliments,0.0
complimentary,0.0
complications,0.0
completing,0.0
completeness,0.0
completely,0.0
completed,0.0
complete,0.0
competitors,0.0
competitor,0.0
competitive,0.0
competition,0.0
compete,0.0
compelling,0.0
compelled,0.0
compatibility,0.0
concerning,0.0
condition,0.0
connecticut,0.0
conditioning,0.0
connected,0.0
connect,0.0
conjunction,0.0
congress,0.0
congratulations,0.0
congratulate,0.0
congrats,0.0
confusion,0.0
conflict,0.0
confirmit,0.0
confirming,0.0
confirmed,0.0
confirmation,0.0
confirm,0.0
confidentially,0.0
confidentiality,0.0
confidential,0.0
confident,0.0
confidence,0.0
conferring,0.0
conferencia,0.0
conferences,0.0
conference,0.0
conducting,0.0
conducted,0.0
conduct,0.0
conditions,0.0
cities,0.0
citico,0.0
citi,0.0
causeway,0.0
catherine,0.0
categorizing,0.0
catching,0.0
catch,0.0
catalog,0.0
cat,0.0
casual,0.0
castillo,0.0
castanos,0.0
castagnola,0.0
caso,0.0
cash,0.0
cases,0.0
case,0.0
casas,0.0
casamento,0.0
cas,0.0
cary,0.0
carter,0.0
carry,0.0
carrolm,0.0
carroll,0.0
carrol,0.0
carrier,0.0
carrie,0.0
carriageservices,0.0
carrabas,0.0
cathy,0.0
causey,0.0
carolyn,0.0
cbarnes2,0.0
cedric,0.0
cecilia,0.0
cease,0.0
ce,0.0
cduke,0.0
cdt,0.0
cdelace,0.0
cday,0.0
cda,0.0
ccunnin,0.0
ccuneo,0.0
ccrawfo,0.0
ccontre,0.0
ccoffma,0.0
cclark4,0.0
cchristensen,0.0
cchild2,0.0
cchenowe,0.0
ccalger,0.0
cc1813,0.0
cburke,0.0
cbroido,0.0
cbresla,0.0
cbogle,0.0
cbe,0.0
cbascur,0.0
cbarthe,0.0
carrabais,0.0
carole,0.0
celebrate,0.0
cancelled,0.0
cancel,0.0
can,0.0
campus,0.0
campos,0.0
campbell,0.0
campaign,0.0
camp,0.0
camera,0.0
came,0.0
cambridge,0.0
camara,0.0
cam,0.0
caltech,0.0
calltech,0.0
calls,0.0
calling,0.0
called,0.0
call,0.0
california,0.0
calico,0.0
calgary,0.0
calendars,0.0
calendar,0.0
caldetail,0.0
calator,0.0
cal,0.0
cais,0.0
canceling,0.0
candidate,0.0
carol,0.0
candidates,0.0
carmella,0.0
carlyle,0.0
carlton,0.0
carlsoncapital,0.0
carlson,0.0
carlos,0.0
carl,0.0
cargo,0.0
cargill,0.0
careers,0.0
career,0.0
care,0.0
cards,0.0
card,0.0
car,0.0
capturing,0.0
capture,0.0
captain,0.0
capri,0.0
capitalization,0.0
capitalists,0.0
capital,0.0
capacity,0.0
cap,0.0
cant,0.0
cannot,0.0
cannon,0.0
ceg,0.0
celebration,0.0
ciscon,0.0
chor,0.0
choose,0.0
choice,0.0
chismar,0.0
chip,0.0
chilkina,0.0
children,0.0
childhood,0.0
chief,0.0
chicago,0.0
chevron,0.0
chesf,0.0
cheryl,0.0
cherron2,0.0
chenriqu,0.0
cheng2,0.0
cheney,0.0
chemistry,0.0
chemicals,0.0
chelfri,0.0
cheese,0.0
cheers,0.0
checonne,0.0
checks,0.0
checking,0.0
check,0.0
cheap,0.0
chavez,0.0
chooses,0.0
chose,0.0
chau,0.0
chris,0.0
circumstances,0.0
circulating,0.0
circulated,0.0
circulate,0.0
circle,0.0
cio,0.0
cingstad,0.0
cindy,0.0
ciller,0.0
cid1287,0.0
cid1286,0.0
chyde2,0.0
chuizer,0.0
chucks,0.0
chuckles,0.0
chuck,0.0
chuchu,0.0
chuchs,0.0
christopher,0.0
christoph,0.0
christop,0.0
christodoulou,0.0
christmas,0.0
christina,0.0
christie,0.0
christensen,0.0
christa,0.0
chauncey,0.0
chats,0.0
celedon,0.0
chambers,0.0
challenges,0.0
challenge,0.0
chairman,0.0
chairing,0.0
chair,0.0
chain,0.0
chad,0.0
chacket,0.0
cgorric,0.0
cftc,0.0
certainly,0.0
certain,0.0
cerisoli,0.0
cera,0.0
ceptionist,0.0
ceos,0.0
ceo,0.0
centuryinter,0.0
cents,0.0
centrica,0.0
centre,0.0
central,0.0
centerfold,0.0
centered,0.0
center,0.0
cell,0.0
celeste,0.0
challenging,0.0
champions,0.0
chatham,0.0
chan,0.0
chat,0.0
chase,0.0
chartered,0.0
charter,0.0
chart,0.0
charri2,0.0
charlotte,0.0
charles,0.0
charlene,0.0
charle,0.0
charla,0.0
chariman,0.0
charges,0.0
charge,0.0
characteristics,0.0
character,0.0
chapters,0.0
chapter,0.0
chappell,0.0
chapman,0.0
channel,0.0
changing,0.0
changes,0.0
changed,0.0
change,0.0
chandler,0.0
chance,0.0
cooperation,0.0
coordinate,0.0
coordinator,0.0
desktop,0.0
desired,0.0
desire,0.0
desirable,0.0
designing,0.0
designers,0.0
designed,0.0
designation,0.0
designated,0.0
designate,0.0
design,0.0
deserves,0.0
deserved,0.0
descussed,0.0
descriptive,0.0
description,0.0
described,0.0
describe,0.0
desai,0.0
dervis,0.0
derrick,0.0
deroin,0.0
dernehl,0.0
derive,0.0
derivatives,0.0
deresky,0.0
derek_mo,0.0
deregulation,0.0
desk,0.0
desmond,0.0
dera,0.0
desouza,0.0
dharvey2,0.0
dgorte,0.0
dganc,0.0
dfullert,0.0
dfontan,0.0
dfeather,0.0
dewolffboberg,0.0
dewolff,0.0
devrim,0.0
developments,0.0
development,0.0
developing,0.0
developed,0.0
develop,0.0
devaluation,0.0
deutsche,0.0
determining,0.0
determined,0.0
determine,0.0
determination,0.0
detect,0.0
details,0.0
detailed,0.0
detail,0.0
destroy,0.0
destination,0.0
despite,0.0
deregulated,0.0
deputy,0.0
dial,0.0
deliverables,0.0
deliver,0.0
delighted,0.0
deleted,0.0
delete,0.0
delegates,0.0
delegate,0.0
delays,0.0
delayed,0.0
delay,0.0
delainey,0.0
del,0.0
deisenroth,0.0
deiching,0.0
definitely,0.0
definite,0.0
define,0.0
deffner,0.0
defended,0.0
defence,0.0
dees,0.0
deep,0.0
dedicated,0.0
decrease,0.0
declining,0.0
declines,0.0
declined,0.0
decline,0.0
deliverable,0.0
delivered,0.0
depth,0.0
delivering,0.0
depram,0.0
depositions,0.0
deployment,0.0
deploying,0.0
deploy,0.0
depending,0.0
dependant,0.0
departure,0.0
department,0.0
depart,0.0
denver,0.0
dent,0.0
denny,0.0
denning,0.0
denne,0.0
denka,0.0
denise,0.0
demonstration,0.0
demonstrate,0.0
demands,0.0
demand,0.0
deluca,0.0
delpapabud,0.0
delpapa,0.0
dell,0.0
delivery,0.0
delivers,0.0
dhernan2,0.0
dialogue,0.0
decisions,0.0
donation,0.0
domestic,0.0
dolores,0.0
dollars,0.0
dollar,0.0
dole,0.0
doing,0.0
doesn,0.0
does,0.0
dodgen,0.0
documents,0.0
document,0.0
doc,0.0
do,0.0
dnguyen,0.0
dmu,0.0
dmathe2,0.0
dmarye,0.0
dmartin,0.0
dmalone,0.0
dlynch,0.0
dlong,0.0
dkhandke,0.0
dkhamap,0.0
dix,0.0
division,0.0
divided,0.0
divest,0.0
don,0.0
donations,0.0
distribution,0.0
done,0.0
dr,0.0
dprofir,0.0
dparque,0.0
dozen,0.0
doyle,0.0
downtown,0.0
downstream,0.0
download,0.0
down,0.0
dougs,0.0
doug,0.0
doucet,0.0
doubt,0.0
doubletree,0.0
double,0.0
dottie,0.0
dorsey,0.0
dorsett,0.0
dorothy,0.0
dorina,0.0
door,0.0
donville,0.0
donovan,0.0
donotemail,0.0
donna,0.0
donn,0.0
donfogel,0.0
div,0.0
distributed,0.0
diamond,0.0
directors,0.0
directly,0.0
directions,0.0
direction,0.0
directed,0.0
direct,0.0
dir,0.0
diomedes,0.0
dinners,0.0
dinner,0.0
dinh,0.0
dillehay,0.0
diligence,0.0
dilg,0.0
difficult,0.0
different,0.0
difference,0.0
dietrich,0.0
diego,0.0
didnt,0.0
didn,0.0
did,0.0
dictate,0.0
dick,0.0
dianna,0.0
diann,0.0
diane,0.0
diana,0.0
director,0.0
directorship,0.0
distribute,0.0
directorships,0.0
distinguishes,0.0
distance,0.0
dissemination,0.0
disregard,0.0
display,0.0
dispatching,0.0
disparate,0.0
disney,0.0
discussions,0.0
discussion,0.0
discussing,0.0
discussed,0.0
discussant,0.0
discuss,0.0
discrimination,0.0
discretionary,0.0
discovered,0.0
discourse,0.0
discontinue,0.0
disclosure,0.0
disclose,0.0
disclaimer,0.0
disappointing,0.0
disagree,0.0
disability,0.0
dirk,0.0
directory,0.0
decisive,0.0
decision,0.0
copec,0.0
crossed,0.0
crn,0.0
crm,0.0
criticism,0.0
critical,0.0
crisis,0.0
crilly,0.0
cribeiro,0.0
crews,0.0
crescent,0.0
credited,0.0
credit,0.0
credentials,0.0
creative,0.0
creation,0.0
creating,0.0
creates,0.0
created,0.0
create,0.0
creahan,0.0
crazy,0.0
cray,0.0
crater,0.0
crash,0.0
crane,0.0
craigd9561,0.0
craig_shackleton,0.0
craig,0.0
cross,0.0
crossover,0.0
cpennix,0.0
crowd,0.0
cunningham,0.0
cummings,0.0
culture,0.0
cultural,0.0
cullen,0.0
cuccia,0.0
cubillos,0.0
cual,0.0
cturria,0.0
ctorn,0.0
ctcua,0.0
csz,0.0
csutter,0.0
csulliv,0.0
cstuart,0.0
cst,0.0
csps,0.0
csoutha,0.0
csmith2,0.0
csimoes,0.0
csheh,0.0
cseigle,0.0
cs,0.0
crystal,0.0
cruz,0.0
cruywagen,0.0
cruiz,0.0
cpernot,0.0
cpcpresident,0.0
cure,0.0
cory,0.0
correspondence,0.0
corresonded,0.0
correo,0.0
correctness,0.0
correctly,0.0
correct,0.0
corporations,0.0
corporationisco,0.0
corporation,0.0
corporate,0.0
corp,0.0
corner,0.0
cornelio,0.0
corman,0.0
corey,0.0
core,0.0
cordially,0.0
cordes,0.0
corby,0.0
corbally,0.0
copyright,0.0
copying,0.0
copy,0.0
coping,0.0
copies,0.0
copied,0.0
copel,0.0
corruption,0.0
cost,0.0
cpaipan,0.0
costing,0.0
cox,0.0
covers,0.0
covering,0.0
cover,0.0
courtesy,0.0
court,0.0
course,0.0
couriered,0.0
courier,0.0
coupons,0.0
couples,0.0
coupled,0.0
couple,0.0
country,0.0
countries,0.0
counterparties,0.0
counterpart,0.0
countdown,0.0
count,0.0
counsel,0.0
council,0.0
coulter,0.0
couldn,0.0
could,0.0
coto,0.0
costs,0.0
costly,0.0
cup,0.0
curious,0.0
decides,0.0
dcase,0.0
dbunnell,0.0
dbuchana,0.0
dbrown4,0.0
dboyce,0.0
db,0.0
dazey_ho,0.0
dazey,0.0
days,0.0
dayne,0.0
daylight,0.0
daye,0.0
day,0.0
dawn,0.0
daw,0.0
davis,0.0
davik,0.0
davidson,0.0
davidaronoff,0.0
david_hunker,0.0
david_grizzle,0.0
david_contis,0.0
david_berberian,0.0
david,0.0
dave,0.0
dauterive,0.0
daughter,0.0
dates,0.0
dcarnei,0.0
dchang,0.0
databases,0.0
dchristo2,0.0
decided,0.0
decide,0.0
december,0.0
dec,0.0
debris,0.0
debrief,0.0
debra,0.0
deborah,0.0
deboisblanc,0.0
debbie,0.0
deb,0.0
deaths,0.0
dear,0.0
dean,0.0
deals,0.0
dealing,0.0
deal,0.0
deadline,0.0
de,0.0
ddye2,0.0
ddresults,0.0
ddrakes,0.0
ddelain2,0.0
ddale,0.0
dd,0.0
dconnal,0.0
dcmorris,0.0
dated,0.0
database,0.0
curly,0.0
cyclery,0.0
cwinfre,0.0
cweber,0.0
cwconferences,0.0
cwclark,0.0
cwc,0.0
cwalker,0.0
cvotaw,0.0
cvicens,0.0
cvgarza,0.0
cvaugha,0.0
cvarnel,0.0
cuus,0.0
cutting,0.0
customs,0.0
customized,0.0
customers,0.0
customer,0.0
custody,0.0
custod,0.0
cushcity,0.0
curtailment,0.0
curry,0.0
curriculum,0.0
currently,0.0
current,0.0
currency,0.0
curran,0.0
cxo,0.0
cycles,0.0
data,0.0
cycling,0.0
dash,0.0
darzola,0.0
darrett,0.0
daronoff,0.0
darnoff,0.0
darlene,0.0
dark,0.0
dared,0.0
danz,0.0
danny,0.0
danielle,0.0
daniel,0.0
danguole,0.0
dana,0.0
dan,0.0
damned,0.0
dame,0.0
dalton,0.0
dallas,0.0
dale,0.0
dainrauscher,0.0
dain,0.0
daily,0.0
dad,0.0
dabhol,0.0
cypress,0.0
cynthia,0.0
zyman,0.0
